league,season,team,player,nation_,pos_,age_,born_,Playing Time_MP,Playing Time_Starts,Playing Time_Min,Playing Time_90s,Performance_Gls,Performance_Ast,Performance_G+A,Performance_G-PK,Performance_PK,Performance_PKatt,Performance_CrdY,Performance_CrdR,Per 90 Minutes_Gls,Per 90 Minutes_Ast,Per 90 Minutes_G+A,Per 90 Minutes_G-PK,Per 90 Minutes_G+A-PK
ENG-Premier League,2526,Arsenal,Ben White,ENG,DF,28-190,1997,8,6,486,5.4,0,1,1,0,0,0,0,0,0.0,0.19,0.19,0.0,0.19
ENG-Premier League,2526,Arsenal,Bukayo Saka,ENG,"FW,MF",24-223,2001,27,22,1998,22.2,6,3,9,5,1,1,1,0,0.27,0.14,0.41,0.23,0.36
ENG-Premier League,2526,Arsenal,Christian Nørgaard,DEN,MF,32-037,1994,6,0,61,0.7,0,0,0,0,0,0,0,0,0.0,0.0,0.0,0.0,0.0
ENG-Premier League,2526,Arsenal,Cristhian Mosquera,ESP,DF,21-293,2004,15,6,688,7.6,0,0,0,0,0,0,2,0,0.0,0.0,0.0,0.0,0.0
ENG-Premier League,2526,Arsenal,David Raya,ESP,GK,30-213,1995,32,32,2880,32.0,0,0,0,0,0,0,1,0,0.0,0.0,0.0,0.0,0.0
ENG-Premier League,2526,Arsenal,Declan Rice,ENG,MF,27-092,1999,31,30,2671,29.7,4,5,9,4,0,0,2,0,0.13,0.17,0.3,0.13,0.3
ENG-Premier League,2526,Arsenal,Eberechi Eze,ENG,"MF,FW",27-291,1998,26,16,1456,16.2,6,2,8,6,0,0,1,0,0.37,0.12,0.49,0.37,0.49
ENG-Premier League,2526,Arsenal,Ethan Nwaneri,ENG,MF,19-026,2007,6,0,171,1.9,0,0,0,0,0,0,0,0,0.0,0.0,0.0,0.0,0.0
ENG-Premier League,2526,Arsenal,Gabriel Jesus,BRA,FW,29-013,1997,12,2,328,3.6,2,0,2,2,0,0,2,0,0.55,0.0,0.55,0.55,0.55
ENG-Premier League,2526,Arsenal,Gabriel Magalhães,BRA,DF,28-118,1997,26,25,2256,25.1,3,4,7,3,0,0,3,0,0.12,0.16,0.28,0.12,0.28
ENG-Premier League,2526,Arsenal,Gabriel Martinelli,BRA,"FW,MF",24-302,2001,26,10,907,10.1,1,3,4,1,0,0,2,0,0.1,0.3,0.4,0.1,0.4
ENG-Premier League,2526,Arsenal,Jurriën Timber,NED,DF,24-303,2001,30,28,2454,27.3,3,5,8,3,0,0,5,0,0.11,0.18,0.29,0.11,0.29
ENG-Premier League,2526,Arsenal,Kai Havertz,GER,"MF,FW",26-309,1999,7,4,317,3.5,0,1,1,0,0,0,0,0,0.0,0.28,0.28,0.0,0.28
ENG-Premier League,2526,Arsenal,Leandro Trossard,BEL,"FW,MF",31-133,1994,27,18,1714,19.0,5,5,10,5,0,0,1,0,0.26,0.26,0.53,0.26,0.53
ENG-Premier League,2526,Arsenal,Martin Ødegaard,NOR,MF,27-120,1998,20,13,1076,12.0,1,5,6,1,0,0,0,0,0.08,0.42,0.5,0.08,0.5
ENG-Premier League,2526,Arsenal,Martín Zubimendi,ESP,MF,27-073,1999,32,31,2671,29.7,5,1,6,5,0,0,4,0,0.17,0.03,0.2,0.17,0.2
ENG-Premier League,2526,Arsenal,Max Dowman,ENG,MF,16-106,2009,4,0,83,0.9,1,0,1,1,0,0,0,0,1.08,0.0,1.08,1.08,1.08
ENG-Premier League,2526,Arsenal,Mikel Merino,ESP,"MF,FW",29-298,1996,21,10,1007,11.2,4,3,7,4,0,0,1,0,0.36,0.27,0.63,0.36,0.63
ENG-Premier League,2526,Arsenal,Myles Lewis-Skelly,ENG,DF,19-202,2006,15,2,411,4.6,0,0,0,0,0,0,3,0,0.0,0.0,0.0,0.0,0.0
ENG-Premier League,2526,Arsenal,Noni Madueke,ENG,"FW,MF",24-037,2002,21,13,948,10.5,2,1,3,2,0,0,0,0,0.19,0.09,0.28,0.19,0.28
ENG-Premier League,2526,Arsenal,Piero Hincapié,ECU,DF,24-097,2002,21,17,1503,16.7,1,2,3,1,0,0,2,0,0.06,0.12,0.18,0.06,0.18
ENG-Premier League,2526,Arsenal,Riccardo Calafiori,ITA,DF,23-332,2002,22,18,1448,16.1,1,2,3,1,0,0,5,0,0.06,0.12,0.19,0.06,0.19
ENG-Premier League,2526,Arsenal,Viktor Gyökeres,SWE,FW,27-316,1998,30,24,1982,22.0,12,0,12,9,3,3,5,0,0.54,0.0,0.54,0.41,0.41
ENG-Premier League,2526,Arsenal,William Saliba,FRA,DF,25-023,2001,26,25,2164,24.0,1,0,1,1,0,0,1,0,0.04,0.0,0.04,0.04,0.04
ENG-Premier League,2526,Aston Villa,Alysson Edward,BRA,MF,19-346,2006,3,0,49,0.5,0,0,0,0,0,0,0,0,0.0,0.0,0.0,0.0,0.0
ENG-Premier League,2526,Aston Villa,Amadou Onana,BEL,MF,24-243,2001,23,20,1650,18.3,2,0,2,2,0,0,2,0,0.11,0.0,0.11,0.11,0.11
ENG-Premier League,2526,Aston Villa,Andrés García,ESP,DF,23-068,2003,5,0,41,0.5,0,0,0,0,0,0,0,0,0.0,0.0,0.0,0.0,0.0
ENG-Premier League,2526,Aston Villa,Boubacar Kamara,FRA,MF,26-144,1999,18,17,1411,15.7,1,3,4,1,0,0,5,0,0.06,0.19,0.26,0.06,0.26
ENG-Premier League,2526,Aston Villa,Bradley Burrowes,ENG,MF,18-043,2008,1,0,17,0.2,0,0,0,0,0,0,0,0,0.0,0.0,0.0,0.0,0.0
ENG-Premier League,2526,Aston Villa,Donyell Malen,NED,"FW,MF",27-097,1999,21,5,656,7.3,4,1,5,4,0,0,0,0,0.55,0.14,0.69,0.55,0.69
ENG-Premier League,2526,Aston Villa,Douglas Luiz,BRA,MF,27-342,1998,9,6,503,5.6,1,0,1,1,0,0,0,0,0.18,0.0,0.18,0.18,0.18
ENG-Premier League,2526,Aston Villa,Emi Buendía,ARG,MF,29-112,1996,30,18,1464,16.3,5,2,7,5,0,0,6,0,0.31,0.12,0.43,0.31,0.43
ENG-Premier League,2526,Aston Villa,Emiliano Martínez,ARG,GK,33-226,1992,27,27,2385,26.5,0,0,0,0,0,0,2,0,0.0,0.0,0.0,0.0,0.0
ENG-Premier League,2526,Aston Villa,Evann Guessand,CIV,MF,24-289,2001,13,6,588,6.5,0,1,1,0,0,0,0,0,0.0,0.15,0.15,0.0,0.15
ENG-Premier League,2526,Aston Villa,Ezri Konsa,ENG,DF,28-175,1997,30,30,2675,29.7,0,0,0,0,0,0,0,1,0.0,0.0,0.0,0.0,0.0
ENG-Premier League,2526,Aston Villa,George Hemmings,ENG,MF,19-043,2007,2,0,27,0.3,0,0,0,0,0,0,0,0,0.0,0.0,0.0,0.0,0.0
ENG-Premier League,2526,Aston Villa,Harvey Elliott,ENG,MF,23-012,2003,4,1,112,1.2,0,0,0,0,0,0,0,0,0.0,0.0,0.0,0.0,0.0
ENG-Premier League,2526,Aston Villa,Ian Maatsen,NED,DF,24-037,2002,25,13,1277,14.2,0,0,0,0,0,0,2,0,0.0,0.0,0.0,0.0,0.0
ENG-Premier League,2526,Aston Villa,Jadon Sancho,ENG,MF,26-022,2000,19,8,763,8.5,0,2,2,0,0,0,0,0,0.0,0.24,0.24,0.0,0.24
ENG-Premier League,2526,Aston Villa,Jamaldeen Jimoh,ENG,MF,19-196,2006,1,0,9,0.1,0,0,0,0,0,0,0,0,0.0,0.0,0.0,0.0,0.0
ENG-Premier League,2526,Aston Villa,John McGinn,SCO,MF,31-180,1994,25,24,1807,20.1,4,2,6,4,0,0,4,0,0.2,0.1,0.3,0.2,0.3
ENG-Premier League,2526,Aston Villa,Lamare Bogarde,NED,"MF,DF",22-101,2004,24,8,807,9.0,0,0,0,0,0,0,5,0,0.0,0.0,0.0,0.0,0.0
ENG-Premier League,2526,Aston Villa,Leon Bailey,JAM,MF,28-250,1997,9,2,340,3.8,0,1,1,0,0,0,1,0,0.0,0.26,0.26,0.0,0.26
ENG-Premier League,2526,Aston Villa,Lucas Digne,FRA,DF,32-270,1993,27,19,1634,18.2,0,4,4,0,0,0,3,0,0.0,0.22,0.22,0.0,0.22
ENG-Premier League,2526,Aston Villa,Marco Bizot,NED,GK,35-037,1991,6,5,495,5.5,0,0,0,0,0,0,2,0,0.0,0.0,0.0,0.0,0.0
ENG-Premier League,2526,Aston Villa,Matty Cash,POL,DF,28-252,1997,29,29,2530,28.1,3,2,5,3,0,0,8,0,0.11,0.07,0.18,0.11,0.18
ENG-Premier League,2526,Aston Villa,Morgan Rogers,ENG,MF,23-264,2002,32,32,2830,31.4,8,5,13,8,0,0,6,0,0.25,0.16,0.41,0.25,0.41
ENG-Premier League,2526,Aston Villa,Ollie Watkins,ENG,FW,30-107,1995,31,28,2379,26.4,9,1,10,9,0,0,3,0,0.34,0.04,0.38,0.34,0.38
ENG-Premier League,2526,Aston Villa,Pau Torres,ESP,DF,29-090,1997,18,16,1478,16.4,0,0,0,0,0,0,0,0,0.0,0.0,0.0,0.0,0.0
ENG-Premier League,2526,Aston Villa,Ross Barkley,ENG,MF,32-132,1993,15,3,478,5.3,2,0,2,2,0,0,0,0,0.38,0.0,0.38,0.38,0.38
ENG-Premier League,2526,Aston Villa,Tammy Abraham,ENG,FW,28-196,1997,9,1,206,2.3,1,0,1,1,0,0,0,0,0.44,0.0,0.44,0.44,0.44
ENG-Premier League,2526,Aston Villa,Tyrone Mings,ENG,DF,33-034,1993,13,11,964,10.7,0,0,0,0,0,0,0,0,0.0,0.0,0.0,0.0,0.0
ENG-Premier League,2526,Aston Villa,Victor Lindelöf,SWE,DF,31-273,1994,13,7,668,7.4,0,1,1,0,0,0,0,0,0.0,0.13,0.13,0.0,0.13
ENG-Premier League,2526,Aston Villa,Youri Tielemans,BEL,MF,28-344,1997,19,16,1412,15.7,0,4,4,0,0,0,0,0,0.0,0.25,0.25,0.0,0.25
ENG-Premier League,2526,Bournemouth,Adam Smith,ENG,DF,34-352,1991,19,11,809,9.0,0,1,1,0,0,0,3,0,0.0,0.11,0.11,0.0,0.11
ENG-Premier League,2526,Bournemouth,Adrien Truffert,FRA,DF,24-147,2001,32,32,2839,31.5,0,3,3,0,0,0,4,0,0.0,0.1,0.1,0.0,0.1
ENG-Premier League,2526,Bournemouth,Alex Scott,ENG,MF,22-238,2003,32,29,2400,26.7,3,1,4,3,0,0,3,0,0.11,0.04,0.15,0.11,0.15
ENG-Premier League,2526,Bournemouth,Alex Tóth,HUN,MF,20-175,2005,5,1,80,0.9,0,0,0,0,0,0,1,0,0.0,0.0,0.0,0.0,0.0
ENG-Premier League,2526,Bournemouth,Amine Adli,MAR,MF,25-341,2000,27,10,1040,11.6,3,1,4,3,0,0,2,0,0.26,0.09,0.35,0.26,0.35
ENG-Premier League,2526,Bournemouth,Antoine Semenyo,GHA,MF,26-099,2000,20,20,1798,20.0,10,3,13,9,1,2,6,0,0.5,0.15,0.65,0.45,0.6
ENG-Premier League,2526,Bournemouth,Bafodé Diakité,FRA,DF,25-100,2001,18,15,1277,14.2,0,0,0,0,0,0,1,0,0.0,0.0,0.0,0.0,0.0
ENG-Premier League,2526,Bournemouth,Ben Gannon-Doak,SCO,MF,20-156,2005,5,0,61,0.7,0,1,1,0,0,0,0,0,0.0,1.48,1.48,0.0,1.48
ENG-Premier League,2526,Bournemouth,Ben Winterburn,ENG,MF,21-224,2004,1,0,7,0.1,0,0,0,0,0,0,0,0,0.0,0.0,0.0,0.0,0.0
ENG-Premier League,2526,Bournemouth,David Brooks,WAL,MF,28-282,1997,26,12,1072,11.9,1,2,3,1,0,0,7,0,0.08,0.17,0.25,0.08,0.25
ENG-Premier League,2526,Bournemouth,Eli Junior Kroupi,FRA,"MF,FW",19-297,2006,27,15,1242,13.8,10,0,10,9,1,1,4,0,0.72,0.0,0.72,0.65,0.65
ENG-Premier League,2526,Bournemouth,Enes Ünal,TUR,FW,28-341,1997,18,0,187,2.1,1,0,1,1,0,0,1,0,0.48,0.0,0.48,0.48,0.48
ENG-Premier League,2526,Bournemouth,Evanilson,BRA,FW,26-192,1999,30,26,2283,25.4,6,1,7,6,0,0,1,0,0.24,0.04,0.28,0.24,0.28
ENG-Premier League,2526,Bournemouth,Hamed Junior Traorè,CIV,MF,26-059,2000,1,0,17,0.2,0,1,1,0,0,0,0,0,0.0,5.29,5.29,0.0,5.29
ENG-Premier League,2526,Bournemouth,James Hill,ENG,DF,24-096,2002,23,16,1566,17.4,0,3,3,0,0,0,3,0,0.0,0.17,0.17,0.0,0.17
ENG-Premier League,2526,Bournemouth,Julio Soler,ARG,DF,21-059,2005,3,0,35,0.4,0,0,0,0,0,0,0,0,0.0,0.0,0.0,0.0,0.0
ENG-Premier League,2526,Bournemouth,Justin Kluivert,NED,MF,26-346,1999,18,10,919,10.2,2,0,2,2,0,0,4,0,0.2,0.0,0.2,0.2,0.2
ENG-Premier League,2526,Bournemouth,Lewis Cook,ENG,"MF,DF",29-072,1997,16,8,872,9.7,0,1,1,0,0,0,1,1,0.0,0.1,0.1,0.0,0.1
ENG-Premier League,2526,Bournemouth,Marcos Senesi,ARG,DF,28-341,1997,31,31,2748,30.5,0,4,4,0,0,0,8,0,0.0,0.13,0.13,0.0,0.13
ENG-Premier League,2526,Bournemouth,Marcus Tavernier,ENG,MF,27-025,1999,28,25,2212,24.6,5,4,9,3,2,2,4,0,0.2,0.16,0.37,0.12,0.28
ENG-Premier League,2526,Bournemouth,Rayan,BRA,MF,19-256,2006,9,8,692,7.7,2,1,3,2,0,0,1,0,0.26,0.13,0.39,0.26,0.39
ENG-Premier League,2526,Bournemouth,Ryan Christie,SCO,MF,31-053,1995,22,6,796,8.8,2,0,2,2,0,0,2,0,0.23,0.0,0.23,0.23,0.23
ENG-Premier League,2526,Bournemouth,Tyler Adams,USA,MF,27-061,1999,19,18,1432,15.9,2,1,3,2,0,0,7,0,0.13,0.06,0.19,0.13,0.19
ENG-Premier League,2526,Bournemouth,Veljko Milosavljević,SRB,DF,18-292,2007,7,4,368,4.1,0,0,0,0,0,0,0,0,0.0,0.0,0.0,0.0,0.0
ENG-Premier League,2526,Bournemouth,Álex Jiménez,ESP,"DF,MF",20-343,2005,28,23,2047,22.7,1,0,1,1,0,0,9,0,0.04,0.0,0.04,0.04,0.04
ENG-Premier League,2526,Bournemouth,Đorđe Petrović,SRB,GK,26-190,1999,32,32,2880,32.0,0,0,0,0,0,0,2,0,0.0,0.0,0.0,0.0,0.0
ENG-Premier League,2526,Brentford,Aaron Hickey,SCO,DF,23-310,2002,18,7,599,6.7,0,0,0,0,0,0,1,0,0.0,0.0,0.0,0.0,0.0
ENG-Premier League,2526,Brentford,Antoni Milambo,NED,MF,21-013,2005,1,1,45,0.5,0,0,0,0,0,0,0,0,0.0,0.0,0.0,0.0,0.0
ENG-Premier League,2526,Brentford,Caoimhín Kelleher,IRL,GK,27-144,1998,31,31,2790,31.0,0,0,0,0,0,0,1,0,0.0,0.0,0.0,0.0,0.0
ENG-Premier League,2526,Brentford,Dango Ouattara,BFA,MF,24-064,2002,26,20,1804,20.0,5,3,8,5,0,0,4,0,0.25,0.15,0.4,0.25,0.4
ENG-Premier League,2526,Brentford,Ethan Pinnock,JAM,DF,32-322,1993,4,4,318,3.5,0,0,0,0,0,0,1,0,0.0,0.0,0.0,0.0,0.0
ENG-Premier League,2526,Brentford,Fabio Carvalho,POR,MF,23-229,2002,6,1,102,1.1,1,0,1,1,0,0,0,0,0.88,0.0,0.88,0.88,0.88
ENG-Premier League,2526,Brentford,Frank Onyeka,NGA,MF,28-105,1998,6,0,92,1.0,0,1,1,0,0,0,0,0,0.0,0.98,0.98,0.0,0.98
ENG-Premier League,2526,Brentford,Hákon Valdimarsson,ISL,GK,24-185,2001,1,1,90,1.0,0,0,0,0,0,0,0,0,0.0,0.0,0.0,0.0,0.0
ENG-Premier League,2526,Brentford,Igor Thiago,BRA,FW,24-294,2001,32,31,2742,30.5,21,1,22,14,7,8,6,0,0.69,0.03,0.72,0.46,0.49
ENG-Premier League,2526,Brentford,Jordan Henderson,ENG,MF,35-303,1990,29,21,1820,20.2,1,3,4,1,0,0,4,0,0.05,0.15,0.2,0.05,0.2
ENG-Premier League,2526,Brentford,Keane Lewis-Potter,ENG,"MF,DF",25-053,2001,30,16,1435,15.9,3,2,5,3,0,0,1,0,0.19,0.13,0.31,0.19,0.31
ENG-Premier League,2526,Brentford,Kevin Schade,GER,"MF,FW",24-140,2001,29,27,2296,25.5,7,3,10,7,0,1,6,1,0.27,0.12,0.39,0.27,0.39
ENG-Premier League,2526,Brentford,Kristoffer Ajer,NOR,DF,27-364,1998,24,18,1628,18.1,0,1,1,0,0,0,3,0,0.0,0.06,0.06,0.0,0.06
ENG-Premier League,2526,Brentford,Mathias Jensen,DEN,MF,30-105,1996,30,20,1743,19.4,2,1,3,2,0,0,3,0,0.1,0.05,0.15,0.1,0.15
ENG-Premier League,2526,Brentford,Michael Kayode,ITA,DF,21-280,2004,31,31,2718,30.2,1,1,2,1,0,0,6,0,0.03,0.03,0.07,0.03,0.07
ENG-Premier League,2526,Brentford,Mikkel Damsgaard,DEN,MF,25-287,2000,27,19,1620,18.0,3,4,7,3,0,0,0,0,0.17,0.22,0.39,0.17,0.39
ENG-Premier League,2526,Brentford,Myles Peart-Harris,ENG,MF,23-210,2002,1,0,1,0.0,0,0,0,0,0,0,0,0,0.0,0.0,0.0,0.0,0.0
ENG-Premier League,2526,Brentford,Nathan Collins,IRL,DF,24-351,2001,29,26,2435,27.1,1,2,3,1,0,0,5,0,0.04,0.07,0.11,0.04,0.11
ENG-Premier League,2526,Brentford,Reiss Nelson,ENG,"FW,MF",26-127,1999,8,0,106,1.2,0,0,0,0,0,0,0,0,0.0,0.0,0.0,0.0,0.0
ENG-Premier League,2526,Brentford,Rico Henry,JAM,DF,28-282,1997,25,14,1328,14.8,0,1,1,0,0,0,2,0,0.0,0.07,0.07,0.0,0.07
ENG-Premier League,2526,Brentford,Romelle Donovan,ENG,FW,19-137,2006,4,0,41,0.5,0,0,0,0,0,0,0,0,0.0,0.0,0.0,0.0,0.0
ENG-Premier League,2526,Brentford,Sepp van den Berg,NED,DF,24-117,2001,27,26,2394,26.6,0,1,1,0,0,0,1,0,0.0,0.04,0.04,0.0,0.04
ENG-Premier League,2526,Brentford,Vitaly Janelt,GER,MF,27-341,1998,22,13,1261,14.0,1,4,5,1,0,0,7,0,0.07,0.29,0.36,0.07,0.36
ENG-Premier League,2526,Brentford,Yehor Yarmoliuk,UKR,MF,22-046,2004,32,25,2223,24.7,1,2,3,1,0,0,7,0,0.04,0.08,0.12,0.04,0.12
ENG-Premier League,2526,Brighton,Bart Verbruggen,NED,GK,23-241,2002,32,32,2880,32.0,0,0,0,0,0,0,3,0,0.0,0.0,0.0,0.0,0.0
ENG-Premier League,2526,Brighton,Brajan Gruda,GER,MF,21-320,2004,18,8,719,8.0,1,1,2,1,0,0,2,0,0.13,0.13,0.25,0.13,0.25
ENG-Premier League,2526,Brighton,Carlos Baleba,CMR,MF,22-103,2004,26,19,1295,14.4,0,0,0,0,0,0,5,0,0.0,0.0,0.0,0.0,0.0
ENG-Premier League,2526,Brighton,Charalampos Kostoulas,GRE,FW,18-321,2007,16,2,305,3.4,2,1,3,2,0,0,2,0,0.59,0.3,0.89,0.59,0.89
ENG-Premier League,2526,Brighton,Danny Welbeck,ENG,FW,35-141,1990,31,21,1900,21.1,12,0,12,11,1,3,5,0,0.57,0.0,0.57,0.52,0.52
ENG-Premier League,2526,Brighton,Diego Coppola,ITA,DF,22-109,2003,5,2,194,2.2,0,0,0,0,0,0,2,0,0.0,0.0,0.0,0.0,0.0
ENG-Premier League,2526,Brighton,Diego Gómez,PAR,"MF,FW",23-020,2003,29,24,2017,22.4,5,1,6,5,0,0,9,0,0.22,0.04,0.27,0.22,0.27
ENG-Premier League,2526,Brighton,Ferdi Kadioglu,TUR,"DF,MF",26-191,1999,31,28,2593,28.8,0,0,0,0,0,0,6,0,0.0,0.0,0.0,0.0,0.0
ENG-Premier League,2526,Brighton,Georginio Rutter,FRA,"MF,FW",23-361,2002,26,19,1619,18.0,2,2,4,2,0,0,2,0,0.11,0.11,0.22,0.11,0.22
ENG-Premier League,2526,Brighton,Harry Howell,ENG,MF,17-361,2008,3,1,94,1.0,0,0,0,0,0,0,0,0,0.0,0.0,0.0,0.0,0.0
ENG-Premier League,2526,Brighton,Jack Hinshelwood,ENG,MF,21-005,2005,21,14,1250,13.9,1,3,4,1,0,0,0,0,0.07,0.22,0.29,0.07,0.29
ENG-Premier League,2526,Brighton,James Milner,ENG,MF,40-102,1986,19,6,726,8.1,1,1,2,0,1,1,2,0,0.12,0.12,0.25,0.0,0.12
ENG-Premier League,2526,Brighton,Jan Paul van Hecke,NED,DF,25-312,2000,30,30,2670,29.7,3,2,5,3,0,0,8,0,0.1,0.07,0.17,0.1,0.17
ENG-Premier League,2526,Brighton,Joe Knight,ENG,MF,20-207,2005,1,0,1,0.0,0,0,0,0,0,0,0,0,0.0,0.0,0.0,0.0,0.0
ENG-Premier League,2526,Brighton,Joël Veltman,NED,DF,34-091,1992,20,8,853,9.5,1,0,1,1,0,0,4,0,0.11,0.0,0.11,0.11,0.11
ENG-Premier League,2526,Brighton,Kaoru Mitoma,JPN,"MF,FW",28-331,1997,21,16,1437,16.0,2,1,3,2,0,0,3,0,0.13,0.06,0.19,0.13,0.19
ENG-Premier League,2526,Brighton,Lewis Dunk,ENG,DF,34-146,1991,29,28,2565,28.5,0,0,0,0,0,0,10,0,0.0,0.0,0.0,0.0,0.0
ENG-Premier League,2526,Brighton,Mats Wieffer,NED,DF,26-151,1999,22,19,1661,18.5,2,3,5,2,0,0,7,0,0.11,0.16,0.27,0.11,0.27
ENG-Premier League,2526,Brighton,Matt O'Riley,DEN,MF,25-146,2000,4,2,187,2.1,1,0,1,0,1,1,0,0,0.48,0.0,0.48,0.0,0.0
ENG-Premier League,2526,Brighton,Maxim De Cuyper,BEL,"DF,MF",25-115,2000,24,14,1152,12.8,2,0,2,2,0,0,2,0,0.16,0.0,0.16,0.16,0.16
ENG-Premier League,2526,Brighton,Nehemiah Oriola,ENG,MF,18-309,2007,1,0,1,0.0,0,0,0,0,0,0,0,0,0.0,0.0,0.0,0.0,0.0
ENG-Premier League,2526,Brighton,Olivier Boscagli,FRA,DF,28-149,1997,9,6,532,5.9,0,1,1,0,0,0,2,0,0.0,0.17,0.17,0.0,0.17
ENG-Premier League,2526,Brighton,Pascal Groß,GER,MF,34-305,1991,13,12,1096,12.2,1,2,3,1,0,0,2,0,0.08,0.16,0.25,0.08,0.25
ENG-Premier League,2526,Brighton,Solly March,ENG,MF,31-270,1994,1,0,5,0.1,0,0,0,0,0,0,0,0,0.0,0.0,0.0,0.0,0.0
ENG-Premier League,2526,Brighton,Stefanos Tzimas,GRE,FW,20-100,2006,9,1,139,1.5,1,1,2,1,0,0,0,0,0.65,0.65,1.29,0.65,1.29
ENG-Premier League,2526,Brighton,Tom Watson,ENG,MF,20-008,2006,6,0,62,0.7,0,0,0,0,0,0,1,0,0.0,0.0,0.0,0.0,0.0
ENG-Premier League,2526,Brighton,Yankuba Minteh,GAM,MF,21-268,2004,28,21,1911,21.2,2,4,6,2,0,0,2,0,0.09,0.19,0.28,0.09,0.28
ENG-Premier League,2526,Brighton,Yasin Ayari,SWE,MF,22-192,2003,25,19,1816,20.2,3,3,6,3,0,0,1,0,0.15,0.15,0.3,0.15,0.3
ENG-Premier League,2526,Burnley,Armando Broja,ALB,FW,24-218,2001,21,8,828,9.2,1,1,2,1,0,0,0,0,0.11,0.11,0.22,0.11,0.22
ENG-Premier League,2526,Burnley,Ashley Barnes,ENG,"FW,MF",36-168,1989,6,0,40,0.4,0,0,0,0,0,0,1,0,0.0,0.0,0.0,0.0,0.0
ENG-Premier League,2526,Burnley,Axel Tuanzebe,COD,DF,28-153,1997,11,11,931,10.3,1,0,1,1,0,0,1,0,0.1,0.0,0.1,0.1,0.1
ENG-Premier League,2526,Burnley,Bashir Humphreys,ENG,"DF,MF",23-032,2003,16,14,1323,14.7,0,0,0,0,0,0,5,0,0.0,0.0,0.0,0.0,0.0
ENG-Premier League,2526,Burnley,Florentino Luís,POR,MF,26-240,1999,25,21,1735,19.3,0,2,2,0,0,0,5,0,0.0,0.1,0.1,0.0,0.1
ENG-Premier League,2526,Burnley,Hannibal Mejbri,TUN,MF,23-085,2003,23,12,990,11.0,1,3,4,1,0,0,7,0,0.09,0.27,0.36,0.09,0.36
ENG-Premier League,2526,Burnley,Hjalmar Ekdal,SWE,DF,27-177,1998,16,14,1269,14.1,0,0,0,0,0,0,0,0,0.0,0.0,0.0,0.0,0.0
ENG-Premier League,2526,Burnley,Jacob Bruun Larsen,DEN,"MF,FW",27-209,1998,24,10,996,11.1,0,1,1,0,0,0,0,0,0.0,0.09,0.09,0.0,0.09
ENG-Premier League,2526,Burnley,Jaidon Anthony,ENG,MF,26-136,1999,31,26,2204,24.5,7,1,8,7,0,0,4,0,0.29,0.04,0.33,0.29,0.33
ENG-Premier League,2526,Burnley,James Ward-Prowse,ENG,MF,31-166,1994,7,4,407,4.5,0,1,1,0,0,0,1,0,0.0,0.22,0.22,0.0,0.22
ENG-Premier League,2526,Burnley,Jaydon Amauri Banel,NED,"FW,MF",21-179,2004,1,0,10,0.1,0,0,0,0,0,0,0,0,0.0,0.0,0.0,0.0,0.0
ENG-Premier League,2526,Burnley,Joe Worrall,ENG,DF,29-096,1997,11,5,500,5.6,0,0,0,0,0,0,0,0,0.0,0.0,0.0,0.0,0.0
ENG-Premier League,2526,Burnley,Josh Cullen,IRL,MF,30-009,1996,18,18,1514,16.8,2,2,4,2,0,0,2,0,0.12,0.12,0.24,0.12,0.24
ENG-Premier League,2526,Burnley,Josh Laurent,ENG,"DF,MF",30-345,1995,28,16,1585,17.6,1,0,1,1,0,0,7,1,0.06,0.0,0.06,0.06,0.06
ENG-Premier League,2526,Burnley,Kyle Walker,ENG,"DF,MF",35-323,1990,30,29,2556,28.4,0,2,2,0,0,0,8,0,0.0,0.07,0.07,0.0,0.07
ENG-Premier League,2526,Burnley,Lesley Ugochukwu,FRA,MF,22-021,2004,31,23,2039,22.7,3,1,4,3,0,0,3,1,0.13,0.04,0.18,0.13,0.18
ENG-Premier League,2526,Burnley,Loum Tchaouna,FRA,"MF,FW",22-220,2003,23,9,858,9.5,1,0,1,1,0,0,1,0,0.1,0.0,0.1,0.1,0.1
ENG-Premier League,2526,Burnley,Lucas,BRA,"MF,DF",25-023,2001,16,12,1113,12.4,0,0,0,0,0,0,0,1,0.0,0.0,0.0,0.0,0.0
ENG-Premier League,2526,Burnley,Lyle Foster,RSA,"FW,MF",25-225,2000,23,15,1303,14.5,3,2,5,3,0,0,4,0,0.21,0.14,0.35,0.21,0.35
ENG-Premier League,2526,Burnley,Marcus Edwards,ENG,"MF,FW",27-134,1998,20,10,984,10.9,1,3,4,1,0,0,0,0,0.09,0.27,0.37,0.09,0.37
ENG-Premier League,2526,Burnley,Martin Dúbravka,SVK,GK,37-091,1989,32,32,2880,32.0,0,0,0,0,0,0,1,0,0.0,0.0,0.0,0.0,0.0
ENG-Premier League,2526,Burnley,Maxime Estève,FRA,DF,23-325,2002,29,29,2491,27.7,0,0,0,0,0,0,1,0,0.0,0.0,0.0,0.0,0.0
ENG-Premier League,2526,Burnley,Mike Trésor,BEL,"FW,MF",26-323,1999,5,0,39,0.4,0,0,0,0,0,0,0,0,0.0,0.0,0.0,0.0,0.0
ENG-Premier League,2526,Burnley,Oliver Sonne,PER,DF,25-157,2000,7,1,169,1.9,1,0,1,1,0,0,0,0,0.53,0.0,0.53,0.53,0.53
ENG-Premier League,2526,Burnley,Quilindschy Hartman,NED,DF,24-153,2001,18,18,1581,17.6,0,4,4,0,0,0,1,0,0.0,0.23,0.23,0.0,0.23
ENG-Premier League,2526,Burnley,Zian Flemming,NED,FW,27-258,1998,23,15,1279,14.2,8,0,8,6,2,2,3,0,0.56,0.0,0.56,0.42,0.42
ENG-Premier League,2526,Chelsea,Alejandro Garnacho,ARG,MF,21-289,2004,21,14,1146,12.7,1,4,5,1,0,0,2,0,0.08,0.31,0.39,0.08,0.39
ENG-Premier League,2526,Chelsea,Andrey Santos,BRA,MF,21-348,2004,24,11,1075,11.9,0,0,0,0,0,0,4,0,0.0,0.0,0.0,0.0,0.0
ENG-Premier League,2526,Chelsea,Benoît Badiashile,FRA,DF,25-021,2001,8,6,471,5.2,0,0,0,0,0,0,2,0,0.0,0.0,0.0,0.0,0.0
ENG-Premier League,2526,Chelsea,Cole Palmer,ENG,"MF,FW",23-345,2002,21,19,1507,16.7,9,1,10,4,5,5,4,0,0.54,0.06,0.6,0.24,0.3
ENG-Premier League,2526,Chelsea,Dario Essugo,POR,MF,21-033,2005,1,0,10,0.1,0,0,0,0,0,0,1,0,0.0,0.0,0.0,0.0,0.0
ENG-Premier League,2526,Chelsea,Enzo Fernández,ARG,MF,25-089,2001,30,29,2578,28.6,8,3,11,6,2,2,8,0,0.28,0.1,0.38,0.21,0.31
ENG-Premier League,2526,Chelsea,Estêvão Willian,BRA,MF,18-357,2007,21,11,833,9.3,2,2,4,2,0,0,4,0,0.22,0.22,0.43,0.22,0.43
ENG-Premier League,2526,Chelsea,Facundo Buonanotte,ARG,MF,21-114,2004,1,1,45,0.5,0,0,0,0,0,0,0,0,0.0,0.0,0.0,0.0,0.0
ENG-Premier League,2526,Chelsea,Filip Jørgensen,DEN,GK,24-000,2002,3,2,264,2.9,0,0,0,0,0,0,0,0,0.0,0.0,0.0,0.0,0.0
ENG-Premier League,2526,Chelsea,Jamie Gittens,ENG,MF,21-251,2004,16,5,495,5.5,0,2,2,0,0,0,0,0,0.0,0.36,0.36,0.0,0.36
ENG-Premier League,2526,Chelsea,Jorrel Hato,NED,DF,20-040,2006,17,7,737,8.2,0,0,0,0,0,0,4,0,0.0,0.0,0.0,0.0,0.0
ENG-Premier League,2526,Chelsea,Joshua Acheampong,ENG,DF,19-346,2006,13,7,576,6.4,1,0,1,1,0,0,1,0,0.16,0.0,0.16,0.16,0.16
ENG-Premier League,2526,Chelsea,João Pedro,BRA,"FW,MF",24-202,2001,32,28,2391,26.6,14,5,19,14,0,0,4,0,0.53,0.19,0.72,0.53,0.72
ENG-Premier League,2526,Chelsea,Liam Delap,ENG,FW,23-067,2003,23,9,806,9.0,1,0,1,1,0,0,2,0,0.11,0.0,0.11,0.11,0.11
ENG-Premier League,2526,Chelsea,Malo Gusto,FRA,DF,22-332,2003,29,21,1828,20.3,2,3,5,2,0,0,4,1,0.1,0.15,0.25,0.1,0.25
ENG-Premier League,2526,Chelsea,Mamadou Sarr,SEN,DF,20-230,2005,2,1,92,1.0,0,0,0,0,0,0,0,0,0.0,0.0,0.0,0.0,0.0
ENG-Premier League,2526,Chelsea,Marc Cucurella,ESP,DF,27-268,1998,28,25,2167,24.1,1,3,4,1,0,0,6,1,0.04,0.12,0.17,0.04,0.17
ENG-Premier League,2526,Chelsea,Marc Guiu,ESP,FW,20-102,2006,7,1,238,2.6,0,1,1,0,0,0,1,0,0.0,0.38,0.38,0.0,0.38
ENG-Premier League,2526,Chelsea,Moisés Caicedo,ECU,MF,24-165,2001,27,26,2261,25.1,3,1,4,3,0,0,9,1,0.12,0.04,0.16,0.12,0.16
ENG-Premier League,2526,Chelsea,Pedro Neto,POR,MF,26-038,2000,30,26,2299,25.5,5,4,9,5,0,0,4,1,0.2,0.16,0.35,0.2,0.35
ENG-Premier League,2526,Chelsea,Reece James,ENG,"DF,MF",26-129,1999,27,20,1896,21.1,2,4,6,2,0,0,4,0,0.09,0.19,0.28,0.09,0.28
ENG-Premier League,2526,Chelsea,Robert Sánchez,ESP,GK,28-149,1997,30,30,2614,29.0,0,1,1,0,0,0,3,1,0.0,0.03,0.03,0.0,0.03
ENG-Premier League,2526,Chelsea,Roméo Lavia,BEL,MF,22-100,2004,9,2,250,2.8,0,0,0,0,0,0,0,0,0.0,0.0,0.0,0.0,0.0
ENG-Premier League,2526,Chelsea,Tosin Adarabioyo,ENG,DF,28-204,1997,15,7,750,8.3,0,0,0,0,0,0,2,0,0.0,0.0,0.0,0.0,0.0
ENG-Premier League,2526,Chelsea,Trevoh Chalobah,ENG,DF,26-285,1999,29,29,2550,28.3,3,0,3,3,0,0,3,1,0.11,0.0,0.11,0.11,0.11
ENG-Premier League,2526,Chelsea,Tyrique George,ENG,FW,20-071,2006,4,0,145,1.6,0,0,0,0,0,0,2,0,0.0,0.0,0.0,0.0,0.0
ENG-Premier League,2526,Chelsea,Wesley Fofana,FRA,DF,25-120,2000,20,15,1366,15.2,0,1,1,0,0,0,6,1,0.0,0.07,0.07,0.0,0.07
ENG-Premier League,2526,Crystal Palace,Adam Wharton,ENG,MF,22-069,2004,28,26,2190,24.3,0,5,5,0,0,0,6,1,0.0,0.21,0.21,0.0,0.21
ENG-Premier League,2526,Crystal Palace,Borna Sosa,CRO,"DF,MF",28-085,1998,6,0,56,0.6,0,0,0,0,0,0,0,0,0.0,0.0,0.0,0.0,0.0
ENG-Premier League,2526,Crystal Palace,Brennan Johnson,WAL,"MF,FW",24-328,2001,12,8,689,7.7,0,1,1,0,0,0,3,0,0.0,0.13,0.13,0.0,0.13
ENG-Premier League,2526,Crystal Palace,Chadi Riad,MAR,DF,22-303,2003,6,3,314,3.5,0,1,1,0,0,0,2,0,0.0,0.29,0.29,0.0,0.29
ENG-Premier League,2526,Crystal Palace,Chris Richards,USA,DF,26-019,2000,27,27,2422,26.9,1,0,1,1,0,0,3,0,0.04,0.0,0.04,0.04,0.04
ENG-Premier League,2526,Crystal Palace,Christantus Uche,NGA,FW,22-332,2003,14,0,173,1.9,0,0,0,0,0,0,0,0,0.0,0.0,0.0,0.0,0.0
ENG-Premier League,2526,Crystal Palace,Daichi Kamada,JPN,MF,29-254,1996,21,17,1494,16.6,0,0,0,0,0,0,2,0,0.0,0.0,0.0,0.0,0.0
ENG-Premier League,2526,Crystal Palace,Daniel Muñoz,COL,MF,29-325,1996,22,22,1868,20.8,3,2,5,3,0,0,5,0,0.14,0.1,0.24,0.14,0.24
ENG-Premier League,2526,Crystal Palace,Dean Henderson,ENG,GK,29-035,1997,30,30,2700,30.0,0,0,0,0,0,0,3,0,0.0,0.0,0.0,0.0,0.0
ENG-Premier League,2526,Crystal Palace,Eberechi Eze,ENG,MF,27-291,1998,1,1,83,0.9,0,0,0,0,0,0,0,0,0.0,0.0,0.0,0.0,0.0
ENG-Premier League,2526,Crystal Palace,Eddie Nketiah,ENG,MF,26-321,1999,12,2,424,4.7,2,0,2,2,0,0,2,0,0.42,0.0,0.42,0.42,0.42
ENG-Premier League,2526,Crystal Palace,Evann Guessand,CIV,MF,24-289,2001,6,3,300,3.3,1,1,2,1,0,0,0,0,0.3,0.3,0.6,0.3,0.6
ENG-Premier League,2526,Crystal Palace,Ismaila Sarr,SEN,"MF,FW",28-050,1998,21,20,1752,19.5,7,1,8,5,2,2,2,0,0.36,0.05,0.41,0.26,0.31
ENG-Premier League,2526,Crystal Palace,Jaydee Canvot,FRA,DF,19-261,2006,14,8,796,8.8,0,0,0,0,0,0,2,0,0.0,0.0,0.0,0.0,0.0
ENG-Premier League,2526,Crystal Palace,Jean-Philippe Mateta,FRA,FW,28-292,1997,25,23,1962,21.8,10,0,10,6,4,4,2,0,0.46,0.0,0.46,0.28,0.28
ENG-Premier League,2526,Crystal Palace,Jefferson Lerma,COL,"MF,DF",31-173,1994,25,14,1345,14.9,0,2,2,0,0,0,6,0,0.0,0.13,0.13,0.0,0.13
ENG-Premier League,2526,Crystal Palace,Joél Drakes-Thomas,ENG,MF,16-311,2009,2,0,9,0.1,0,0,0,0,0,0,0,0,0.0,0.0,0.0,0.0,0.0
ENG-Premier League,2526,Crystal Palace,Justin Devenny,NIR,"MF,FW",22-187,2003,18,5,603,6.7,1,0,1,0,1,1,0,0,0.15,0.0,0.15,0.0,0.0
ENG-Premier League,2526,Crystal Palace,Jørgen Strand Larsen,NOR,FW,26-069,2000,7,7,529,5.9,3,0,3,3,0,0,2,0,0.51,0.0,0.51,0.51,0.51
ENG-Premier League,2526,Crystal Palace,Kaden Rodney,ENG,"DF,MF",21-191,2004,1,0,4,0.0,0,0,0,0,0,0,0,0,0.0,0.0,0.0,0.0,0.0
ENG-Premier League,2526,Crystal Palace,Marc Guéhi,ENG,DF,25-277,2000,20,20,1800,20.0,2,2,4,2,0,0,4,0,0.1,0.1,0.2,0.1,0.2
ENG-Premier League,2526,Crystal Palace,Maxence Lacroix,FRA,DF,26-010,2000,29,29,2575,28.6,1,2,3,1,0,0,3,1,0.03,0.07,0.1,0.03,0.1
ENG-Premier League,2526,Crystal Palace,Nathaniel Clyne,ENG,MF,35-011,1991,8,6,495,5.5,0,1,1,0,0,0,1,0,0.0,0.18,0.18,0.0,0.18
ENG-Premier League,2526,Crystal Palace,Odsonne Édouard,FRA,FW,28-090,1998,1,0,3,0.0,0,0,0,0,0,0,0,0,0.0,0.0,0.0,0.0,0.0
ENG-Premier League,2526,Crystal Palace,Romain Esse,ENG,MF,20-338,2005,4,0,44,0.5,0,0,0,0,0,0,0,0,0.0,0.0,0.0,0.0,0.0
ENG-Premier League,2526,Crystal Palace,Tyrick Mitchell,ENG,MF,26-227,1999,31,31,2756,30.6,1,2,3,1,0,0,5,0,0.03,0.07,0.1,0.03,0.1
ENG-Premier League,2526,Crystal Palace,Walter Benítez,ARG,GK,33-087,1993,1,1,90,1.0,0,0,0,0,0,0,0,0,0.0,0.0,0.0,0.0,0.0
ENG-Premier League,2526,Crystal Palace,Will Hughes,ENG,MF,30-364,1995,28,16,1364,15.2,0,0,0,0,0,0,7,0,0.0,0.0,0.0,0.0,0.0
ENG-Premier League,2526,Crystal Palace,Yeremi Pino,ESP,"MF,FW",23-178,2002,28,22,1796,20.0,2,1,3,2,0,0,4,0,0.1,0.05,0.15,0.1,0.15
ENG-Premier League,2526,Everton,Beto,GNB,FW,28-075,1998,32,13,1285,14.3,7,1,8,7,0,0,2,0,0.49,0.07,0.56,0.49,0.56
ENG-Premier League,2526,Everton,Carlos Alcaraz,ARG,MF,23-137,2002,16,6,675,7.5,0,1,1,0,0,0,3,0,0.0,0.13,0.13,0.0,0.13
ENG-Premier League,2526,Everton,Dwight McNeil,ENG,MF,26-145,1999,19,12,1022,11.4,0,1,1,0,0,0,1,0,0.0,0.09,0.09,0.0,0.09
ENG-Premier League,2526,Everton,Harrison Armstrong,ENG,MF,19-087,2007,11,6,499,5.5,0,0,0,0,0,0,0,0,0.0,0.0,0.0,0.0,0.0
ENG-Premier League,2526,Everton,Idrissa Gana Gueye,SEN,MF,36-202,1989,23,23,1918,21.3,2,3,5,2,0,0,1,1,0.09,0.14,0.23,0.09,0.23
ENG-Premier League,2526,Everton,Iliman Ndiaye,SEN,MF,26-041,2000,26,26,2238,24.9,6,3,9,4,2,2,2,0,0.24,0.12,0.36,0.16,0.28
ENG-Premier League,2526,Everton,Jack Grealish,ENG,MF,30-218,1995,20,18,1627,18.1,2,6,8,2,0,0,5,1,0.11,0.33,0.44,0.11,0.44
ENG-Premier League,2526,Everton,Jake O'Brien,IRL,DF,24-336,2001,31,29,2638,29.3,0,1,1,0,0,0,2,1,0.0,0.03,0.03,0.0,0.03
ENG-Premier League,2526,Everton,James Garner,ENG,"MF,DF",25-034,2001,32,32,2873,31.9,2,6,8,2,0,0,8,0,0.06,0.19,0.25,0.06,0.25
ENG-Premier League,2526,Everton,James Tarkowski,ENG,DF,33-148,1992,31,31,2790,31.0,1,1,2,1,0,0,5,0,0.03,0.03,0.06,0.03,0.06
ENG-Premier League,2526,Everton,Jarrad Branthwaite,ENG,DF,23-293,2002,9,6,594,6.6,1,0,1,1,0,0,1,0,0.15,0.0,0.15,0.15,0.15
ENG-Premier League,2526,Everton,Jordan Pickford,ENG,GK,32-040,1994,32,32,2880,32.0,0,0,0,0,0,0,3,0,0.0,0.0,0.0,0.0,0.0
ENG-Premier League,2526,Everton,Kiernan Dewsbury-Hall,ENG,MF,27-222,1998,25,24,2095,23.3,7,3,10,7,0,0,6,0,0.3,0.13,0.43,0.3,0.43
ENG-Premier League,2526,Everton,Merlin Röhl,GER,MF,23-285,2002,12,2,366,4.1,0,0,0,0,0,0,0,0,0.0,0.0,0.0,0.0,0.0
ENG-Premier League,2526,Everton,Michael Keane,ENG,DF,33-095,1993,27,24,2137,23.7,3,0,3,3,0,0,0,1,0.13,0.0,0.13,0.13,0.13
ENG-Premier League,2526,Everton,Nathan Patterson,SCO,DF,24-182,2001,6,3,240,2.7,0,0,0,0,0,0,0,0,0.0,0.0,0.0,0.0,0.0
ENG-Premier League,2526,Everton,Séamus Coleman,IRL,DF,37-187,1988,3,1,11,0.1,0,0,0,0,0,0,0,0,0.0,0.0,0.0,0.0,0.0
ENG-Premier League,2526,Everton,Thierno Barry,FRA,FW,23-177,2002,32,19,1657,18.4,6,0,6,6,0,0,3,0,0.33,0.0,0.33,0.33,0.33
ENG-Premier League,2526,Everton,Tim Iroegbunam,ENG,MF,22-290,2003,24,13,1127,12.5,0,2,2,0,0,0,8,0,0.0,0.16,0.16,0.0,0.16
ENG-Premier League,2526,Everton,Tyler Dibling,ENG,MF,20-035,2006,14,4,358,4.0,0,0,0,0,0,0,2,0,0.0,0.0,0.0,0.0,0.0
ENG-Premier League,2526,Everton,Tyrique George,ENG,MF,20-071,2006,6,1,123,1.4,0,0,0,0,0,0,0,0,0.0,0.0,0.0,0.0,0.0
ENG-Premier League,2526,Everton,Vitaliy Mykolenko,UKR,DF,26-322,1999,27,27,2418,26.9,0,1,1,0,0,0,5,0,0.0,0.04,0.04,0.0,0.04
ENG-Premier League,2526,Fulham,Adama Traoré,ESP,MF,30-081,1996,15,1,274,3.0,0,0,0,0,0,0,0,0,0.0,0.0,0.0,0.0,0.0
ENG-Premier League,2526,Fulham,Alex Iwobi,NGA,MF,29-348,1996,26,26,2221,24.7,4,3,7,4,0,0,3,0,0.16,0.12,0.28,0.16,0.28
ENG-Premier League,2526,Fulham,Antonee Robinson,USA,"DF,MF",28-251,1997,16,13,1112,12.4,0,0,0,0,0,0,3,0,0.0,0.0,0.0,0.0,0.0
ENG-Premier League,2526,Fulham,Bernd Leno,GER,GK,34-043,1992,32,32,2880,32.0,0,0,0,0,0,0,3,0,0.0,0.0,0.0,0.0,0.0
ENG-Premier League,2526,Fulham,Calvin Bassey,NGA,DF,26-106,1999,24,22,1994,22.2,1,0,1,1,0,0,5,0,0.05,0.0,0.05,0.05,0.05
ENG-Premier League,2526,Fulham,Emile Smith Rowe,ENG,MF,25-262,2000,31,16,1511,16.8,3,0,3,3,0,0,1,0,0.18,0.0,0.18,0.18,0.18
ENG-Premier League,2526,Fulham,Harrison Reed,ENG,MF,31-079,1995,6,0,31,0.3,1,0,1,1,0,0,0,0,2.9,0.0,2.9,2.9,2.9
ENG-Premier League,2526,Fulham,Harry Wilson,WAL,MF,29-025,1997,30,28,2338,26.0,10,6,16,10,0,0,6,0,0.38,0.23,0.62,0.38,0.62
ENG-Premier League,2526,Fulham,Issa Diop,MAR,DF,29-097,1997,10,6,596,6.6,0,0,0,0,0,0,2,0,0.0,0.0,0.0,0.0,0.0
ENG-Premier League,2526,Fulham,Joachim Andersen,DEN,DF,29-320,1996,29,29,2561,28.5,0,1,1,0,0,0,7,0,0.0,0.04,0.04,0.0,0.04
ENG-Premier League,2526,Fulham,Jonah Kusi-Asare,SWE,FW,18-286,2007,5,0,34,0.4,0,0,0,0,0,0,1,0,0.0,0.0,0.0,0.0,0.0
ENG-Premier League,2526,Fulham,Jorge Cuenca,ESP,DF,26-150,1999,14,11,933,10.4,0,0,0,0,0,0,5,0,0.0,0.0,0.0,0.0,0.0
ENG-Premier League,2526,Fulham,Joshua King,ENG,MF,19-103,2007,26,15,1184,13.2,1,2,3,1,0,0,3,0,0.08,0.15,0.23,0.08,0.23
ENG-Premier League,2526,Fulham,Kenny Tete,NED,DF,30-189,1995,22,21,1791,19.9,1,0,1,1,0,0,2,0,0.05,0.0,0.05,0.05,0.05
ENG-Premier League,2526,Fulham,Kevin,BRA,MF,23-102,2003,23,8,908,10.1,1,1,2,1,0,0,1,0,0.1,0.1,0.2,0.1,0.2
ENG-Premier League,2526,Fulham,Oscar Bobb,NOR,MF,22-278,2003,8,4,341,3.8,0,0,0,0,0,0,0,0,0.0,0.0,0.0,0.0,0.0
ENG-Premier League,2526,Fulham,Raúl Jiménez,MEX,FW,34-346,1991,31,25,1985,22.1,9,3,12,5,4,4,5,0,0.41,0.14,0.54,0.23,0.36
ENG-Premier League,2526,Fulham,Rodrigo Muniz,BRA,FW,24-347,2001,15,6,664,7.4,1,1,2,1,0,0,1,0,0.14,0.14,0.27,0.14,0.27
ENG-Premier League,2526,Fulham,Ryan Sessegnon,ENG,"DF,MF",25-333,2000,25,18,1663,18.5,2,1,3,2,0,0,0,0,0.11,0.05,0.16,0.11,0.16
ENG-Premier League,2526,Fulham,Samuel Chukwueze,NGA,MF,26-329,1999,18,7,820,9.1,3,4,7,3,0,0,0,0,0.33,0.44,0.77,0.33,0.77
ENG-Premier League,2526,Fulham,Sander Berge,NOR,MF,28-061,1998,32,31,2680,29.8,0,1,1,0,0,0,5,0,0.0,0.03,0.03,0.0,0.03
ENG-Premier League,2526,Fulham,Saša Lukić,SRB,MF,29-246,1996,21,15,1284,14.3,1,2,3,1,0,0,6,0,0.07,0.14,0.21,0.07,0.21
ENG-Premier League,2526,Fulham,Timothy Castagne,BEL,"DF,MF",30-132,1995,24,14,1313,14.6,0,0,0,0,0,0,3,0,0.0,0.0,0.0,0.0,0.0
ENG-Premier League,2526,Fulham,Tom Cairney,SCO,MF,35-086,1991,20,4,562,6.2,1,0,1,1,0,0,3,0,0.16,0.0,0.16,0.16,0.16
ENG-Premier League,2526,Leeds United,Anton Stach,GER,MF,27-152,1998,26,25,2136,23.7,4,3,7,4,0,0,3,0,0.17,0.13,0.29,0.17,0.29
ENG-Premier League,2526,Leeds United,Ao Tanaka,JPN,MF,27-218,1998,22,8,842,9.4,2,0,2,2,0,0,1,0,0.21,0.0,0.21,0.21,0.21
ENG-Premier League,2526,Leeds United,Brenden Aaronson,USA,"MF,FW",25-176,2000,31,25,2060,22.9,4,4,8,4,0,0,1,0,0.17,0.17,0.35,0.17,0.35
ENG-Premier League,2526,Leeds United,Daniel James,WAL,FW,28-157,1997,15,4,416,4.6,0,0,0,0,0,0,0,0,0.0,0.0,0.0,0.0,0.0
ENG-Premier League,2526,Leeds United,Dominic Calvert-Lewin,ENG,FW,29-031,1997,29,24,2205,24.5,10,1,11,8,2,3,1,0,0.41,0.04,0.45,0.33,0.37
ENG-Premier League,2526,Leeds United,Ethan Ampadu,WAL,MF,25-214,2000,29,29,2579,28.7,1,1,2,1,0,0,8,0,0.03,0.03,0.07,0.03,0.07
ENG-Premier League,2526,Leeds United,Facundo Buonanotte,ARG,MF,21-114,2004,2,0,26,0.3,0,0,0,0,0,0,1,0,0.0,0.0,0.0,0.0,0.0
ENG-Premier League,2526,Leeds United,Gabriel Gudmundsson,SWE,"DF,MF",26-352,1999,30,29,2452,27.2,0,0,0,0,0,0,6,1,0.0,0.0,0.0,0.0,0.0
ENG-Premier League,2526,Leeds United,Ilia Gruev,BUL,MF,25-345,2000,22,15,1310,14.6,0,3,3,0,0,0,3,0,0.0,0.21,0.21,0.0,0.21
ENG-Premier League,2526,Leeds United,Jack Harrison,ENG,FW,29-147,1996,11,1,269,3.0,0,0,0,0,0,0,0,0,0.0,0.0,0.0,0.0,0.0
ENG-Premier League,2526,Leeds United,Jaka Bijol,SVN,DF,27-070,1999,19,15,1398,15.5,1,1,2,1,0,0,3,0,0.06,0.06,0.13,0.06,0.13
ENG-Premier League,2526,Leeds United,James Justin,ENG,"DF,MF",28-052,1998,23,15,1361,15.1,1,1,2,1,0,0,3,0,0.07,0.07,0.13,0.07,0.13
ENG-Premier League,2526,Leeds United,Jayden Bogle,ENG,"MF,DF",25-263,2000,30,28,2492,27.7,1,1,2,1,0,0,6,0,0.04,0.04,0.07,0.04,0.07
ENG-Premier League,2526,Leeds United,Joe Rodon,WAL,DF,28-176,1997,29,29,2545,28.3,2,0,2,2,0,0,1,0,0.07,0.0,0.07,0.07,0.07
ENG-Premier League,2526,Leeds United,Joël Piroe,SUR,FW,26-257,1999,13,2,226,2.5,0,0,0,0,0,0,0,0,0.0,0.0,0.0,0.0,0.0
ENG-Premier League,2526,Leeds United,Karl Darlow,WAL,GK,35-190,1990,16,16,1440,16.0,0,0,0,0,0,0,1,0,0.0,0.0,0.0,0.0,0.0
ENG-Premier League,2526,Leeds United,Lucas Perri,BRA,GK,28-127,1997,16,16,1440,16.0,0,0,0,0,0,0,2,0,0.0,0.0,0.0,0.0,0.0
ENG-Premier League,2526,Leeds United,Lukas Nmecha,GER,FW,27-123,1998,25,9,880,9.8,6,1,7,4,2,3,0,0,0.61,0.1,0.72,0.41,0.51
ENG-Premier League,2526,Leeds United,Noah Okafor,SUI,"FW,MF",25-327,2000,25,16,1368,15.2,6,0,6,6,0,0,3,0,0.39,0.0,0.39,0.39,0.39
ENG-Premier League,2526,Leeds United,Pascal Struijk,NED,DF,26-248,1999,29,28,2521,28.0,0,1,1,0,0,0,4,0,0.0,0.04,0.04,0.0,0.04
ENG-Premier League,2526,Leeds United,Sam Byram,ENG,"DF,MF",32-212,1993,1,0,8,0.1,0,0,0,0,0,0,0,0,0.0,0.0,0.0,0.0,0.0
ENG-Premier League,2526,Leeds United,Sean Longstaff,ENG,MF,28-168,1997,18,10,952,10.6,1,2,3,1,0,0,2,0,0.09,0.19,0.28,0.09,0.28
ENG-Premier League,2526,Leeds United,Sebastiaan Bornauw,BEL,DF,27-025,1999,9,4,304,3.4,0,0,0,0,0,0,1,0,0.0,0.0,0.0,0.0,0.0
ENG-Premier League,2526,Leeds United,Wilfried Gnonto,ITA,FW,22-162,2003,17,4,404,4.5,0,1,1,0,0,0,3,0,0.0,0.22,0.22,0.0,0.22
ENG-Premier League,2526,Liverpool,Alexander Isak,SWE,FW,26-207,1999,11,6,526,5.8,2,1,3,2,0,0,0,0,0.34,0.17,0.51,0.34,0.51
ENG-Premier League,2526,Liverpool,Alexis Mac Allister,ARG,MF,27-113,1998,31,26,2201,24.5,2,2,4,2,0,0,5,0,0.08,0.08,0.16,0.08,0.16
ENG-Premier League,2526,Liverpool,Alisson,BRA,GK,33-196,1992,25,25,2250,25.0,0,0,0,0,0,0,1,0,0.0,0.0,0.0,0.0,0.0
ENG-Premier League,2526,Liverpool,Andrew Robertson,SCO,DF,32-036,1994,20,7,864,9.6,0,0,0,0,0,0,0,0,0.0,0.0,0.0,0.0,0.0
ENG-Premier League,2526,Liverpool,Cody Gakpo,NED,"MF,FW",26-344,1999,30,26,2235,24.8,6,4,10,6,0,0,2,0,0.24,0.16,0.4,0.24,0.4
ENG-Premier League,2526,Liverpool,Conor Bradley,NIR,DF,22-281,2003,15,12,929,10.3,0,1,1,0,0,0,5,0,0.0,0.1,0.1,0.0,0.1
ENG-Premier League,2526,Liverpool,Curtis Jones,ENG,MF,25-076,2001,28,12,1401,15.6,0,1,1,0,0,0,1,0,0.0,0.06,0.06,0.0,0.06
ENG-Premier League,2526,Liverpool,Dominik Szoboszlai,HUN,"MF,DF",25-173,2000,30,30,2691,29.9,5,3,8,5,0,1,7,1,0.17,0.1,0.27,0.17,0.27
ENG-Premier League,2526,Liverpool,Federico Chiesa,ITA,MF,28-173,1997,23,1,296,3.3,2,1,3,2,0,0,3,0,0.61,0.3,0.91,0.61,0.91
ENG-Premier League,2526,Liverpool,Florian Wirtz,GER,MF,22-348,2003,28,24,2072,23.0,4,3,7,4,0,0,1,0,0.17,0.13,0.3,0.17,0.3
ENG-Premier League,2526,Liverpool,Giorgi Mamardashvili,GEO,GK,25-199,2000,7,7,630,7.0,0,0,0,0,0,0,0,0,0.0,0.0,0.0,0.0,0.0
ENG-Premier League,2526,Liverpool,Harvey Elliott,ENG,"FW,MF",23-012,2003,1,0,1,0.0,0,0,0,0,0,0,0,0,0.0,0.0,0.0,0.0,0.0
ENG-Premier League,2526,Liverpool,Hugo Ekitike,FRA,FW,23-300,2002,28,21,1803,20.0,11,4,15,11,0,0,0,0,0.55,0.2,0.75,0.55,0.75
ENG-Premier League,2526,Liverpool,Ibrahima Konaté,FRA,DF,26-326,1999,30,30,2570,28.6,1,0,1,1,0,0,6,0,0.04,0.0,0.04,0.04,0.04
ENG-Premier League,2526,Liverpool,Jeremie Frimpong,NED,"DF,MF",25-127,2000,16,10,820,9.1,0,1,1,0,0,0,1,0,0.0,0.11,0.11,0.0,0.11
ENG-Premier League,2526,Liverpool,Joe Gomez,ENG,DF,28-328,1997,17,6,522,5.8,0,2,2,0,0,0,2,0,0.0,0.34,0.34,0.0,0.34
ENG-Premier League,2526,Liverpool,Milos Kerkez,HUN,DF,22-160,2003,28,25,2029,22.5,2,1,3,2,0,0,4,0,0.09,0.04,0.13,0.09,0.13
ENG-Premier League,2526,Liverpool,Mohamed Salah,EGY,"MF,FW",33-305,1992,23,20,1908,21.2,6,6,12,5,1,1,1,0,0.28,0.28,0.57,0.24,0.52
ENG-Premier League,2526,Liverpool,Rio Ngumoha,ENG,MF,17-230,2008,14,2,297,3.3,2,0,2,2,0,0,0,0,0.61,0.0,0.61,0.61,0.61
ENG-Premier League,2526,Liverpool,Ryan Gravenberch,NED,MF,23-335,2002,30,29,2563,28.5,4,3,7,4,0,0,5,0,0.14,0.11,0.25,0.14,0.25
ENG-Premier League,2526,Liverpool,Trey Nyoni,ENG,MF,18-290,2007,5,0,16,0.2,0,0,0,0,0,0,0,0,0.0,0.0,0.0,0.0,0.0
ENG-Premier League,2526,Liverpool,Virgil van Dijk,NED,DF,34-282,1991,32,32,2880,32.0,3,0,3,3,0,0,4,0,0.09,0.0,0.09,0.09,0.09
ENG-Premier League,2526,Liverpool,Wataru Endo,JPN,DF,33-066,1993,8,1,175,1.9,0,1,1,0,0,0,1,0,0.0,0.51,0.51,0.0,0.51
ENG-Premier League,2526,Manchester City,Abdukodir Khusanov,UZB,DF,22-046,2004,16,10,982,10.9,0,0,0,0,0,0,2,0,0.0,0.0,0.0,0.0,0.0
ENG-Premier League,2526,Manchester City,Antoine Semenyo,GHA,"MF,FW",26-099,2000,10,10,879,9.8,5,1,6,5,0,0,1,0,0.51,0.1,0.61,0.51,0.61
ENG-Premier League,2526,Manchester City,Bernardo Silva,POR,MF,31-249,1994,31,27,2325,25.8,2,4,6,2,0,0,9,0,0.08,0.15,0.23,0.08,0.23
ENG-Premier League,2526,Manchester City,Divine Mukasa,ENG,MF,18-237,2007,2,0,27,0.3,0,0,0,0,0,0,0,0,0.0,0.0,0.0,0.0,0.0
ENG-Premier League,2526,Manchester City,Erling Haaland,NOR,FW,25-269,2000,30,29,2503,27.8,22,7,29,19,3,4,1,0,0.79,0.25,1.04,0.68,0.93
ENG-Premier League,2526,Manchester City,Gianluigi Donnarumma,ITA,GK,27-050,1999,28,28,2520,28.0,0,0,0,0,0,0,6,0,0.0,0.0,0.0,0.0,0.0
ENG-Premier League,2526,Manchester City,James Trafford,ENG,GK,23-188,2002,3,3,270,3.0,0,0,0,0,0,0,0,0,0.0,0.0,0.0,0.0,0.0
ENG-Premier League,2526,Manchester City,Jeremy Doku,BEL,"MF,FW",23-324,2002,23,14,1306,14.5,2,4,6,2,0,0,0,0,0.14,0.28,0.41,0.14,0.41
ENG-Premier League,2526,Manchester City,John Stones,ENG,DF,31-323,1994,7,4,353,3.9,0,0,0,0,0,0,0,0,0.0,0.0,0.0,0.0,0.0
ENG-Premier League,2526,Manchester City,Joško Gvardiol,CRO,DF,24-083,2002,16,15,1302,14.5,2,2,4,2,0,0,2,0,0.14,0.14,0.28,0.14,0.28
ENG-Premier League,2526,Manchester City,Marc Guéhi,ENG,DF,25-277,2000,9,9,810,9.0,1,0,1,1,0,0,1,0,0.11,0.0,0.11,0.11,0.11
ENG-Premier League,2526,Manchester City,Mateo Kovačić,CRO,MF,31-345,1994,2,0,15,0.2,0,0,0,0,0,0,0,0,0.0,0.0,0.0,0.0,0.0
ENG-Premier League,2526,Manchester City,Matheus Nunes,POR,DF,27-232,1998,28,26,2355,26.2,1,4,5,1,0,0,4,0,0.04,0.15,0.19,0.04,0.19
ENG-Premier League,2526,Manchester City,Max Alleyne,ENG,DF,20-269,2005,2,2,135,1.5,0,0,0,0,0,0,0,0,0.0,0.0,0.0,0.0,0.0
ENG-Premier League,2526,Manchester City,Nathan Aké,NED,DF,31-057,1995,14,4,495,5.5,0,0,0,0,0,0,1,0,0.0,0.0,0.0,0.0,0.0
ENG-Premier League,2526,Manchester City,Nico O’Reilly,ENG,"DF,MF",21-026,2005,29,24,2196,24.4,5,3,8,5,0,0,4,0,0.2,0.12,0.33,0.2,0.33
ENG-Premier League,2526,Manchester City,Nicolás González,ESP,MF,24-103,2002,21,15,1376,15.3,1,0,1,1,0,0,6,0,0.07,0.0,0.07,0.07,0.07
ENG-Premier League,2526,Manchester City,Omar Marmoush,EGY,"FW,MF",27-068,1999,17,7,572,6.4,1,3,4,1,0,0,2,0,0.16,0.47,0.63,0.16,0.63
ENG-Premier League,2526,Manchester City,Oscar Bobb,NOR,"MF,FW",22-278,2003,9,5,468,5.2,0,1,1,0,0,0,1,0,0.0,0.19,0.19,0.0,0.19
ENG-Premier League,2526,Manchester City,Phil Foden,ENG,MF,25-323,2000,27,21,1826,20.3,7,3,10,7,0,0,4,0,0.35,0.15,0.49,0.35,0.49
ENG-Premier League,2526,Manchester City,Rayan Aït-Nouri,ALG,DF,24-314,2001,14,10,806,9.0,0,2,2,0,0,0,2,0,0.0,0.22,0.22,0.0,0.22
ENG-Premier League,2526,Manchester City,Rayan Cherki,FRA,MF,22-242,2003,26,15,1383,15.4,3,10,13,3,0,0,1,0,0.2,0.65,0.85,0.2,0.85
ENG-Premier League,2526,Manchester City,Rico Lewis,ENG,DF,21-146,2004,10,3,317,3.5,0,1,1,0,0,0,1,0,0.0,0.28,0.28,0.0,0.28
ENG-Premier League,2526,Manchester City,Rodri,ESP,MF,29-298,1996,19,15,1334,14.8,1,0,1,1,0,0,2,0,0.07,0.0,0.07,0.07,0.07
ENG-Premier League,2526,Manchester City,Rúben Dias,POR,DF,28-337,1997,25,23,2051,22.8,2,0,2,2,0,0,3,0,0.09,0.0,0.09,0.09,0.09
ENG-Premier League,2526,Manchester City,Sávio,BRA,MF,22-006,2004,18,5,588,6.5,0,1,1,0,0,0,2,0,0.0,0.15,0.15,0.0,0.15
ENG-Premier League,2526,Manchester City,Tijjani Reijnders,NED,MF,27-261,1998,26,17,1496,16.6,5,2,7,5,0,0,2,0,0.3,0.12,0.42,0.3,0.42
ENG-Premier League,2526,Manchester Utd,Altay Bayındır,TUR,GK,28-002,1998,6,6,540,6.0,0,0,0,0,0,0,0,0,0.0,0.0,0.0,0.0,0.0
ENG-Premier League,2526,Manchester Utd,Amad Diallo,CIV,MF,23-279,2002,26,23,1986,22.1,2,2,4,2,0,0,2,0,0.09,0.09,0.18,0.09,0.18
ENG-Premier League,2526,Manchester Utd,Ayden Heaven,ENG,DF,19-206,2006,14,8,654,7.3,0,1,1,0,0,0,2,0,0.0,0.14,0.14,0.0,0.14
ENG-Premier League,2526,Manchester Utd,Bendito Mantato,ENG,MF,18-081,2008,1,0,16,0.2,0,0,0,0,0,0,0,0,0.0,0.0,0.0,0.0,0.0
ENG-Premier League,2526,Manchester Utd,Benjamin Šeško,SVN,FW,22-320,2003,27,14,1432,15.9,9,1,10,9,0,0,2,0,0.57,0.06,0.63,0.57,0.63
ENG-Premier League,2526,Manchester Utd,Bruno Fernandes,POR,MF,31-220,1994,29,29,2524,28.0,8,17,25,4,4,6,4,0,0.29,0.61,0.89,0.14,0.75
ENG-Premier League,2526,Manchester Utd,Bryan Mbeumo,CMR,"MF,FW",26-252,1999,27,26,2208,24.5,9,3,12,9,0,0,4,0,0.37,0.12,0.49,0.37,0.49
ENG-Premier League,2526,Manchester Utd,Casemiro,BRA,MF,34-052,1992,30,29,2221,24.7,8,2,10,8,0,0,10,1,0.32,0.08,0.41,0.32,0.41
ENG-Premier League,2526,Manchester Utd,Diogo Dalot,POR,"MF,DF",27-029,1999,30,25,2254,25.0,1,3,4,1,0,0,5,0,0.04,0.12,0.16,0.04,0.16
ENG-Premier League,2526,Manchester Utd,Harry Maguire,ENG,DF,33-042,1993,18,14,1203,13.4,1,1,2,1,0,0,3,1,0.07,0.07,0.15,0.07,0.15
ENG-Premier League,2526,Manchester Utd,Jack Fletcher,ENG,MF,19-028,2007,3,0,108,1.2,0,0,0,0,0,0,0,0,0.0,0.0,0.0,0.0,0.0
ENG-Premier League,2526,Manchester Utd,Joshua Zirkzee,NED,"FW,MF",24-329,2001,18,4,523,5.8,2,1,3,2,0,0,1,0,0.34,0.17,0.52,0.34,0.52
ENG-Premier League,2526,Manchester Utd,Kobbie Mainoo,ENG,MF,20-362,2005,22,10,1122,12.5,0,2,2,0,0,0,0,0,0.0,0.16,0.16,0.0,0.16
ENG-Premier League,2526,Manchester Utd,Leny Yoro,FRA,DF,20-154,2005,29,18,1705,18.9,0,0,0,0,0,0,1,0,0.0,0.0,0.0,0.0,0.0
ENG-Premier League,2526,Manchester Utd,Lisandro Martínez,ARG,DF,28-088,1998,15,10,963,10.7,0,0,0,0,0,0,0,1,0.0,0.0,0.0,0.0,0.0
ENG-Premier League,2526,Manchester Utd,Luke Shaw,ENG,DF,30-278,1995,32,32,2705,30.1,0,1,1,0,0,0,6,0,0.0,0.03,0.03,0.0,0.03
ENG-Premier League,2526,Manchester Utd,Manuel Ugarte,URU,MF,25-005,2001,22,8,887,9.9,0,0,0,0,0,0,1,0,0.0,0.0,0.0,0.0,0.0
ENG-Premier League,2526,Manchester Utd,Mason Mount,ENG,MF,27-096,1999,18,10,817,9.1,3,0,3,3,0,0,0,0,0.33,0.0,0.33,0.33,0.33
ENG-Premier League,2526,Manchester Utd,Matheus Cunha,BRA,"MF,FW",26-324,1999,29,25,2159,24.0,7,2,9,7,0,0,2,0,0.29,0.08,0.38,0.29,0.38
ENG-Premier League,2526,Manchester Utd,Matthijs de Ligt,NED,DF,26-247,1999,13,13,1170,13.0,1,0,1,1,0,0,0,0,0.08,0.0,0.08,0.08,0.08
ENG-Premier League,2526,Manchester Utd,Noussair Mazraoui,MAR,"MF,DF",28-153,1997,16,8,687,7.6,0,0,0,0,0,0,3,0,0.0,0.0,0.0,0.0,0.0
ENG-Premier League,2526,Manchester Utd,Patrick Dorgu,DEN,MF,21-172,2004,22,14,1335,14.8,3,3,6,3,0,0,5,0,0.2,0.2,0.4,0.2,0.4
ENG-Premier League,2526,Manchester Utd,Senne Lammens,BEL,GK,23-283,2002,26,26,2340,26.0,0,0,0,0,0,0,0,0,0.0,0.0,0.0,0.0,0.0
ENG-Premier League,2526,Manchester Utd,Shea Lacey,ENG,FW,19-002,2007,2,0,14,0.2,0,0,0,0,0,0,0,0,0.0,0.0,0.0,0.0,0.0
ENG-Premier League,2526,Manchester Utd,Tyler Fletcher,SCO,MF,19-028,2007,1,0,1,0.0,0,0,0,0,0,0,0,0,0.0,0.0,0.0,0.0,0.0
ENG-Premier League,2526,Manchester Utd,Tyler Fredricson,ENG,DF,21-052,2005,1,0,3,0.0,0,0,0,0,0,0,0,0,0.0,0.0,0.0,0.0,0.0
ENG-Premier League,2526,Manchester Utd,Tyrell Malacia,NED,DF,26-242,1999,2,0,9,0.1,0,0,0,0,0,0,0,0,0.0,0.0,0.0,0.0,0.0
ENG-Premier League,2526,Newcastle United,Aaron Ramsdale,ENG,GK,27-337,1998,11,10,914,10.2,0,0,0,0,0,0,2,0,0.0,0.0,0.0,0.0,0.0
ENG-Premier League,2526,Newcastle United,Alex Murphy,IRL,DF,21-295,2004,1,0,2,0.0,0,0,0,0,0,0,0,0,0.0,0.0,0.0,0.0,0.0
ENG-Premier League,2526,Newcastle United,Anthony Elanga,SWE,"FW,MF",23-354,2002,28,13,1222,13.6,0,1,1,0,0,0,0,0,0.0,0.07,0.07,0.0,0.07
ENG-Premier League,2526,Newcastle United,Anthony Gordon,ENG,FW,25-051,2001,26,24,1795,19.9,6,2,8,3,3,3,3,1,0.3,0.1,0.4,0.15,0.25
ENG-Premier League,2526,Newcastle United,Bruno Guimarães,BRA,MF,28-151,1997,23,22,2017,22.4,9,4,13,7,2,2,5,0,0.4,0.18,0.58,0.31,0.49
ENG-Premier League,2526,Newcastle United,Dan Burn,ENG,DF,33-342,1992,23,21,1813,20.1,0,2,2,0,0,0,9,1,0.0,0.1,0.1,0.0,0.1
ENG-Premier League,2526,Newcastle United,Emil Krafth,SWE,DF,31-257,1994,1,1,45,0.5,0,0,0,0,0,0,0,0,0.0,0.0,0.0,0.0,0.0
ENG-Premier League,2526,Newcastle United,Fabian Schär,SUI,DF,34-117,1991,16,11,1091,12.1,0,0,0,0,0,0,1,0,0.0,0.0,0.0,0.0,0.0
ENG-Premier League,2526,Newcastle United,Harvey Barnes,ENG,"FW,MF",28-128,1997,31,17,1679,18.7,5,0,5,5,0,0,1,0,0.27,0.0,0.27,0.27,0.27
ENG-Premier League,2526,Newcastle United,Jacob Murphy,ENG,"FW,MF",31-051,1995,27,15,1335,14.8,3,1,4,3,0,0,1,0,0.2,0.07,0.27,0.2,0.27
ENG-Premier League,2526,Newcastle United,Jacob Ramsey,ENG,MF,24-323,2001,22,11,1088,12.1,2,1,3,2,0,0,5,1,0.17,0.08,0.25,0.17,0.25
ENG-Premier League,2526,Newcastle United,Jamaal Lascelles,ENG,DF,32-156,1993,2,0,21,0.2,0,0,0,0,0,0,0,0,0.0,0.0,0.0,0.0,0.0
ENG-Premier League,2526,Newcastle United,Joe Willock,ENG,MF,26-239,1999,20,7,703,7.8,0,1,1,0,0,0,3,0,0.0,0.13,0.13,0.0,0.13
ENG-Premier League,2526,Newcastle United,Joelinton,BRA,MF,29-245,1996,25,21,1771,19.7,2,1,3,2,0,0,10,0,0.1,0.05,0.15,0.1,0.15
ENG-Premier League,2526,Newcastle United,Kieran Trippier,ENG,DF,35-209,1990,18,17,1456,16.2,0,1,1,0,0,0,3,0,0.0,0.06,0.06,0.0,0.06
ENG-Premier League,2526,Newcastle United,Lewis Hall,ENG,DF,21-220,2004,25,20,1843,20.5,1,1,2,1,0,0,3,0,0.05,0.05,0.1,0.05,0.1
ENG-Premier League,2526,Newcastle United,Lewis Miley,ENG,"MF,DF",19-350,2006,20,12,1226,13.6,1,4,5,1,0,0,0,0,0.07,0.29,0.37,0.07,0.37
ENG-Premier League,2526,Newcastle United,Malick Thiaw,GER,DF,24-251,2001,29,27,2425,26.9,4,0,4,4,0,0,4,0,0.15,0.0,0.15,0.15,0.15
ENG-Premier League,2526,Newcastle United,Nick Pope,ENG,GK,33-362,1992,22,22,1966,21.8,0,0,0,0,0,0,1,0,0.0,0.0,0.0,0.0,0.0
ENG-Premier League,2526,Newcastle United,Nick Woltemade,GER,"FW,MF",24-061,2002,28,21,1671,18.6,7,3,10,6,1,1,0,0,0.38,0.16,0.54,0.32,0.48
ENG-Premier League,2526,Newcastle United,Sandro Tonali,ITA,MF,25-343,2000,30,26,2127,23.6,0,2,2,0,0,0,3,0,0.0,0.08,0.08,0.0,0.08
ENG-Premier League,2526,Newcastle United,Sven Botman,NED,DF,26-094,2000,19,15,1295,14.4,1,1,2,1,0,0,1,0,0.07,0.07,0.14,0.07,0.14
ENG-Premier League,2526,Newcastle United,Valentino Livramento,ENG,DF,23-155,2002,16,13,1255,13.9,0,1,1,0,0,0,1,0,0.0,0.07,0.07,0.0,0.07
ENG-Premier League,2526,Newcastle United,William Osula,DEN,FW,22-255,2003,18,2,378,4.2,3,0,3,3,0,0,0,0,0.71,0.0,0.71,0.71,0.71
ENG-Premier League,2526,Newcastle United,Yoane Wissa,COD,FW,29-225,1996,14,4,432,4.8,1,0,1,1,0,0,1,0,0.21,0.0,0.21,0.21,0.21
ENG-Premier League,2526,Nottingham Forest,Angus Gunn,SCO,GK,30-084,1996,1,0,45,0.5,0,0,0,0,0,0,0,0,0.0,0.0,0.0,0.0,0.0
ENG-Premier League,2526,Nottingham Forest,Arnaud Kalimuendo,FRA,FW,24-086,2002,9,0,96,1.1,0,0,0,0,0,0,0,0,0.0,0.0,0.0,0.0,0.0
ENG-Premier League,2526,Nottingham Forest,Callum Hudson-Odoi,ENG,MF,25-160,2000,30,21,1841,20.5,3,4,7,3,0,0,0,0,0.15,0.2,0.34,0.15,0.34
ENG-Premier League,2526,Nottingham Forest,Chris Wood,NZL,FW,34-130,1991,9,7,566,6.3,2,0,2,2,0,0,0,0,0.32,0.0,0.32,0.32,0.32
ENG-Premier League,2526,Nottingham Forest,Dan Ndoye,SUI,MF,25-173,2000,24,14,1173,13.0,1,1,2,1,0,0,1,0,0.08,0.08,0.15,0.08,0.15
ENG-Premier League,2526,Nottingham Forest,Dilane Bakwa,FRA,MF,23-233,2002,10,3,345,3.8,0,1,1,0,0,0,1,0,0.0,0.26,0.26,0.0,0.26
ENG-Premier League,2526,Nottingham Forest,Douglas Luiz,BRA,MF,27-342,1998,8,5,315,3.5,0,0,0,0,0,0,2,0,0.0,0.0,0.0,0.0,0.0
ENG-Premier League,2526,Nottingham Forest,Elliot Anderson,ENG,MF,23-161,2002,32,32,2862,31.8,2,2,4,1,1,1,6,0,0.06,0.06,0.13,0.03,0.09
ENG-Premier League,2526,Nottingham Forest,Ibrahim Sangaré,CIV,MF,28-135,1997,24,22,1855,20.6,2,2,4,2,0,0,5,0,0.1,0.1,0.19,0.1,0.19
ENG-Premier League,2526,Nottingham Forest,Igor Jesus,BRA,FW,25-050,2001,31,23,1887,21.0,3,3,6,3,0,0,0,0,0.14,0.14,0.29,0.14,0.29
ENG-Premier League,2526,Nottingham Forest,Jair Cunha,BRA,DF,21-040,2005,3,2,215,2.4,0,0,0,0,0,0,0,0,0.0,0.0,0.0,0.0,0.0
ENG-Premier League,2526,Nottingham Forest,James Mcatee,ENG,MF,23-180,2002,10,1,180,2.0,0,0,0,0,0,0,1,0,0.0,0.0,0.0,0.0,0.0
ENG-Premier League,2526,Nottingham Forest,John,BRA,GK,30-062,1996,5,5,437,4.9,0,0,0,0,0,0,1,0,0.0,0.0,0.0,0.0,0.0
ENG-Premier League,2526,Nottingham Forest,Jota Silva,POR,FW,26-258,1999,1,0,12,0.1,0,0,0,0,0,0,0,0,0.0,0.0,0.0,0.0,0.0
ENG-Premier League,2526,Nottingham Forest,Lorenzo Lucca,ITA,FW,25-218,2000,3,1,121,1.3,1,0,1,1,0,0,0,0,0.74,0.0,0.74,0.74,0.74
ENG-Premier League,2526,Nottingham Forest,Luca Netz,GER,"DF,MF",22-336,2003,2,0,50,0.6,0,0,0,0,0,0,0,0,0.0,0.0,0.0,0.0,0.0
ENG-Premier League,2526,Nottingham Forest,Matz Sels,BEL,GK,34-049,1992,25,24,2128,23.6,0,0,0,0,0,0,2,0,0.0,0.0,0.0,0.0,0.0
ENG-Premier League,2526,Nottingham Forest,Morato,BRA,DF,24-290,2001,15,10,941,10.5,0,0,0,0,0,0,4,0,0.0,0.0,0.0,0.0,0.0
ENG-Premier League,2526,Nottingham Forest,Morgan Gibbs-White,ENG,MF,26-079,2000,32,31,2720,30.2,9,2,11,8,1,1,1,0,0.3,0.07,0.36,0.26,0.33
ENG-Premier League,2526,Nottingham Forest,Murillo,BRA,DF,23-286,2002,24,24,2089,23.2,1,0,1,1,0,0,5,0,0.04,0.0,0.04,0.04,0.04
ENG-Premier League,2526,Nottingham Forest,Neco Williams,WAL,DF,25-003,2001,31,31,2708,30.1,2,3,5,2,0,0,5,1,0.07,0.1,0.17,0.07,0.17
ENG-Premier League,2526,Nottingham Forest,Nicolás Domínguez,ARG,MF,27-292,1998,21,14,942,10.5,1,0,1,1,0,0,2,0,0.1,0.0,0.1,0.1,0.1
ENG-Premier League,2526,Nottingham Forest,Nicolò Savona,ITA,DF,23-028,2003,14,11,1028,11.4,2,0,2,2,0,0,2,0,0.18,0.0,0.18,0.18,0.18
ENG-Premier League,2526,Nottingham Forest,Nikola Milenković,SRB,DF,28-186,1997,32,32,2880,32.0,0,0,0,0,0,0,6,0,0.0,0.0,0.0,0.0,0.0
ENG-Premier League,2526,Nottingham Forest,Ola Aina,NGA,DF,29-190,1996,16,16,1408,15.6,0,0,0,0,0,0,3,0,0.0,0.0,0.0,0.0,0.0
ENG-Premier League,2526,Nottingham Forest,Oleksandr Zinchenko,UKR,DF,29-122,1996,5,4,353,3.9,0,0,0,0,0,0,0,0,0.0,0.0,0.0,0.0,0.0
ENG-Premier League,2526,Nottingham Forest,Omari Hutchinson,ENG,MF,22-168,2003,25,13,1351,15.0,1,3,4,1,0,0,1,0,0.07,0.2,0.27,0.07,0.27
ENG-Premier League,2526,Nottingham Forest,Ryan Yates,ENG,MF,28-146,1997,17,1,417,4.6,0,1,1,0,0,0,1,0,0.0,0.22,0.22,0.0,0.22
ENG-Premier League,2526,Nottingham Forest,Stefan Ortega,GER,GK,33-161,1992,3,3,270,3.0,0,0,0,0,0,0,0,0,0.0,0.0,0.0,0.0,0.0
ENG-Premier League,2526,Nottingham Forest,Taiwo Awoniyi,NGA,FW,28-247,1997,12,1,279,3.1,2,0,2,2,0,0,1,0,0.65,0.0,0.65,0.65,0.65
ENG-Premier League,2526,Nottingham Forest,Zach Abbott,ENG,DF,19-338,2006,2,1,120,1.3,0,0,0,0,0,0,0,0,0.0,0.0,0.0,0.0,0.0
ENG-Premier League,2526,Sunderland,Arthur Masuaku,COD,DF,32-160,1993,3,2,126,1.4,0,0,0,0,0,0,1,0,0.0,0.0,0.0,0.0,0.0
ENG-Premier League,2526,Sunderland,Bertrand Traoré,BFA,"MF,FW",30-222,1995,12,9,632,7.0,1,0,1,1,0,0,1,0,0.14,0.0,0.14,0.14,0.14
ENG-Premier League,2526,Sunderland,Brian Brobbey,NED,FW,24-074,2002,25,16,1457,16.2,6,1,7,6,0,0,5,0,0.37,0.06,0.43,0.37,0.43
ENG-Premier League,2526,Sunderland,Chemsdine Talbi,MAR,"MF,FW",20-342,2005,24,14,1334,14.8,4,1,5,4,0,0,0,0,0.27,0.07,0.34,0.27,0.34
ENG-Premier League,2526,Sunderland,Chris Rigg,ENG,MF,18-302,2007,14,9,639,7.1,0,0,0,0,0,0,1,0,0.0,0.0,0.0,0.0,0.0
ENG-Premier League,2526,Sunderland,Dan Neil,ENG,MF,24-124,2001,3,0,14,0.2,0,0,0,0,0,0,0,0,0.0,0.0,0.0,0.0,0.0
ENG-Premier League,2526,Sunderland,Daniel Ballard,NIR,DF,26-206,1999,26,22,2008,22.3,2,0,2,2,0,0,3,0,0.09,0.0,0.09,0.09,0.09
ENG-Premier League,2526,Sunderland,Dennis Cirkin,LVA,DF,24-010,2002,7,3,304,3.4,0,0,0,0,0,0,1,0,0.0,0.0,0.0,0.0,0.0
ENG-Premier League,2526,Sunderland,Eliezer Mayenda,ESP,"FW,MF",20-343,2005,19,8,758,8.4,2,0,2,2,0,0,0,0,0.24,0.0,0.24,0.24,0.24
ENG-Premier League,2526,Sunderland,Enzo Le Fée,FRA,"MF,FW",26-072,2000,30,27,2391,26.6,4,4,8,1,3,4,5,0,0.15,0.15,0.3,0.04,0.19
ENG-Premier League,2526,Sunderland,Granit Xhaka,SUI,MF,33-201,1992,28,26,2364,26.3,1,5,6,1,0,0,5,0,0.04,0.19,0.23,0.04,0.23
ENG-Premier League,2526,Sunderland,Habib Diarra,SEN,MF,22-103,2004,15,13,1188,13.2,2,1,3,1,1,1,4,0,0.15,0.08,0.23,0.08,0.15
ENG-Premier League,2526,Sunderland,Jenson Seelt,NED,DF,22-328,2003,2,1,134,1.5,0,0,0,0,0,0,0,0,0.0,0.0,0.0,0.0,0.0
ENG-Premier League,2526,Sunderland,Jocelin Ta Bi,CIV,MF,21-066,2005,1,1,38,0.4,0,0,0,0,0,0,0,0,0.0,0.0,0.0,0.0,0.0
ENG-Premier League,2526,Sunderland,Luke O'Nien,ENG,DF,31-146,1994,9,3,321,3.6,0,0,0,0,0,0,1,1,0.0,0.0,0.0,0.0,0.0
ENG-Premier League,2526,Sunderland,Lutsharel Geertruida,NED,"DF,MF",25-272,2000,25,14,1423,15.8,0,0,0,0,0,0,1,0,0.0,0.0,0.0,0.0,0.0
ENG-Premier League,2526,Sunderland,Marc Guiu,ESP,FW,20-102,2006,2,0,15,0.2,0,0,0,0,0,0,0,0,0.0,0.0,0.0,0.0,0.0
ENG-Premier League,2526,Sunderland,Melker Ellborg,SWE,GK,22-329,2003,3,3,270,3.0,0,0,0,0,0,0,0,0,0.0,0.0,0.0,0.0,0.0
ENG-Premier League,2526,Sunderland,Nilson Angulo,ECU,MF,22-301,2003,5,3,256,2.8,0,0,0,0,0,0,0,0,0.0,0.0,0.0,0.0,0.0
ENG-Premier League,2526,Sunderland,Noah Sadiki,COD,MF,21-120,2004,27,27,2382,26.5,0,0,0,0,0,0,7,0,0.0,0.0,0.0,0.0,0.0
ENG-Premier League,2526,Sunderland,Nordi Mukiele,FRA,DF,28-166,1997,26,26,2244,24.9,2,3,5,2,0,0,4,0,0.08,0.12,0.2,0.08,0.2
ENG-Premier League,2526,Sunderland,Omar Alderete,PAR,DF,29-111,1996,28,27,2444,27.2,1,1,2,1,0,0,6,0,0.04,0.04,0.07,0.04,0.07
ENG-Premier League,2526,Sunderland,Patrick Roberts,ENG,"FW,MF",29-070,1997,1,0,28,0.3,0,0,0,0,0,0,0,0,0.0,0.0,0.0,0.0,0.0
ENG-Premier League,2526,Sunderland,Reinildo Mandava,MOZ,DF,32-085,1994,19,18,1518,16.9,0,1,1,0,0,0,7,1,0.0,0.06,0.06,0.0,0.06
ENG-Premier League,2526,Sunderland,Robin Roefs,NED,GK,23-089,2003,29,29,2610,29.0,0,0,0,0,0,0,3,0,0.0,0.0,0.0,0.0,0.0
ENG-Premier League,2526,Sunderland,Romaine Mundle,ENG,MF,22-357,2003,14,2,411,4.6,0,0,0,0,0,0,1,0,0.0,0.0,0.0,0.0,0.0
ENG-Premier League,2526,Sunderland,Simon Adingra,CIV,"MF,FW",24-105,2002,14,9,653,7.3,1,0,1,1,0,0,2,0,0.14,0.0,0.14,0.14,0.14
ENG-Premier League,2526,Sunderland,Trai Hume,NIR,"DF,MF",24-029,2002,32,29,2590,28.8,0,1,1,0,0,0,9,0,0.0,0.03,0.03,0.0,0.03
ENG-Premier League,2526,Sunderland,Wilson Isidor,HAI,FW,25-232,2000,27,11,1069,11.9,4,0,4,4,0,0,1,0,0.34,0.0,0.34,0.34,0.34
ENG-Premier League,2526,Tottenham Hotspur,Antonín Kinský,CZE,GK,23-034,2003,1,1,90,1.0,0,0,0,0,0,0,0,0,0.0,0.0,0.0,0.0,0.0
ENG-Premier League,2526,Tottenham Hotspur,Archie Gray,ENG,"MF,DF",20-035,2006,22,18,1435,15.9,2,2,4,2,0,0,5,0,0.13,0.13,0.25,0.13,0.25
ENG-Premier League,2526,Tottenham Hotspur,Ben Davies,WAL,DF,32-357,1993,3,2,137,1.5,1,0,1,1,0,0,1,0,0.66,0.0,0.66,0.66,0.66
ENG-Premier League,2526,Tottenham Hotspur,Brennan Johnson,WAL,"MF,FW",24-328,2001,16,6,610,6.8,2,0,2,2,0,0,2,0,0.3,0.0,0.3,0.3,0.3
ENG-Premier League,2526,Tottenham Hotspur,Callum Olusesi,ENG,MF,19-089,2007,1,0,15,0.2,0,0,0,0,0,0,0,0,0.0,0.0,0.0,0.0,0.0
ENG-Premier League,2526,Tottenham Hotspur,Conor Gallagher,ENG,MF,26-069,2000,10,8,669,7.4,0,1,1,0,0,0,0,0,0.0,0.13,0.13,0.0,0.13
ENG-Premier League,2526,Tottenham Hotspur,Cristian Romero,ARG,DF,27-354,1998,23,22,1868,20.8,4,1,5,4,0,0,11,2,0.19,0.05,0.24,0.19,0.24
ENG-Premier League,2526,Tottenham Hotspur,Dane Scarlett,ENG,FW,22-023,2004,2,0,9,0.1,0,0,0,0,0,0,0,0,0.0,0.0,0.0,0.0,0.0
ENG-Premier League,2526,Tottenham Hotspur,Destiny Udogie,ITA,"DF,MF",23-139,2002,15,9,933,10.4,0,1,1,0,0,0,3,0,0.0,0.1,0.1,0.0,0.1
ENG-Premier League,2526,Tottenham Hotspur,Djed Spence,ENG,"DF,MF",25-250,2000,24,21,1808,20.1,0,0,0,0,0,0,4,0,0.0,0.0,0.0,0.0,0.0
ENG-Premier League,2526,Tottenham Hotspur,Dominic Solanke,ENG,FW,28-214,1997,13,9,872,9.7,3,0,3,3,0,0,1,0,0.31,0.0,0.31,0.31,0.31
ENG-Premier League,2526,Tottenham Hotspur,Guglielmo Vicario,ITA,GK,29-191,1996,31,31,2790,31.0,0,0,0,0,0,0,1,0,0.0,0.0,0.0,0.0,0.0
ENG-Premier League,2526,Tottenham Hotspur,James Rowswell,ENG,DF,19-277,2006,1,0,1,0.0,0,0,0,0,0,0,0,0,0.0,0.0,0.0,0.0,0.0
ENG-Premier League,2526,Tottenham Hotspur,João Palhinha,POR,"MF,DF",30-281,1995,27,19,1808,20.1,3,2,5,3,0,0,6,0,0.15,0.1,0.25,0.15,0.25
ENG-Premier League,2526,Tottenham Hotspur,Jun'ai Byfield,ENG,DF,17-131,2008,1,0,1,0.0,0,0,0,0,0,0,0,0,0.0,0.0,0.0,0.0,0.0
ENG-Premier League,2526,Tottenham Hotspur,Kevin Danso,AUT,DF,27-209,1998,18,11,954,10.6,0,0,0,0,0,0,4,0,0.0,0.0,0.0,0.0,0.0
ENG-Premier League,2526,Tottenham Hotspur,Lucas Bergvall,SWE,MF,20-073,2006,19,11,911,10.1,1,2,3,1,0,0,2,0,0.1,0.2,0.3,0.1,0.3
ENG-Premier League,2526,Tottenham Hotspur,Mathys Tel,FRA,"MF,FW",20-354,2005,25,9,935,10.4,3,0,3,3,0,0,0,0,0.29,0.0,0.29,0.29,0.29
ENG-Premier League,2526,Tottenham Hotspur,Micky van de Ven,NED,DF,24-362,2001,29,29,2501,27.8,4,1,5,4,0,0,8,1,0.14,0.04,0.18,0.14,0.18
ENG-Premier League,2526,Tottenham Hotspur,Mohammed Kudus,GHA,"MF,FW",25-257,2000,19,19,1535,17.1,2,5,7,2,0,0,3,0,0.12,0.29,0.41,0.12,0.41
ENG-Premier League,2526,Tottenham Hotspur,Pape Matar Sarr,SEN,MF,23-214,2002,23,13,1356,15.1,2,3,5,2,0,0,2,0,0.13,0.2,0.33,0.13,0.33
ENG-Premier League,2526,Tottenham Hotspur,Pedro Porro,ESP,DF,26-215,1999,28,26,2256,25.1,0,2,2,0,0,0,7,0,0.0,0.08,0.08,0.0,0.08
ENG-Premier League,2526,Tottenham Hotspur,Radu Drăgușin,ROU,DF,24-072,2002,8,5,515,5.7,0,0,0,0,0,0,0,0,0.0,0.0,0.0,0.0,0.0
ENG-Premier League,2526,Tottenham Hotspur,Randal Kolo Muani,FRA,"FW,MF",27-132,1998,24,16,1321,14.7,1,1,2,1,0,0,2,0,0.07,0.07,0.14,0.07,0.14
ENG-Premier League,2526,Tottenham Hotspur,Richarlison,BRA,"FW,MF",28-341,1997,27,16,1572,17.5,9,3,12,9,0,0,5,0,0.52,0.17,0.69,0.52,0.69
ENG-Premier League,2526,Tottenham Hotspur,Rodrigo Bentancur,URU,MF,28-295,1997,20,17,1410,15.7,1,1,2,1,0,0,5,0,0.06,0.06,0.13,0.06,0.13
ENG-Premier League,2526,Tottenham Hotspur,Souza,BRA,MF,19-304,2006,4,2,144,1.6,0,0,0,0,0,0,1,0,0.0,0.0,0.0,0.0,0.0
ENG-Premier League,2526,Tottenham Hotspur,Wilson Odobert,FRA,"MF,FW",21-139,2004,24,10,985,10.9,0,2,2,0,0,0,0,0,0.0,0.18,0.18,0.0,0.18
ENG-Premier League,2526,Tottenham Hotspur,Xavi Simons,NED,"MF,FW",22-360,2003,26,17,1603,17.8,1,4,5,1,0,0,4,1,0.06,0.22,0.28,0.06,0.28
ENG-Premier League,2526,Tottenham Hotspur,Yves Bissouma,MLI,MF,29-229,1996,8,5,462,5.1,0,0,0,0,0,0,3,0,0.0,0.0,0.0,0.0,0.0
ENG-Premier League,2526,West Ham United,Aaron Wan-Bissaka,COD,"DF,MF",28-141,1997,22,21,1903,21.1,0,2,2,0,0,0,4,0,0.0,0.09,0.09,0.0,0.09
ENG-Premier League,2526,West Ham United,Adama Traoré,ESP,"FW,MF",30-081,1996,8,0,104,1.2,0,0,0,0,0,0,1,0,0.0,0.0,0.0,0.0,0.0
ENG-Premier League,2526,West Ham United,Alphonse Areola,FRA,GK,33-048,1993,20,20,1800,20.0,0,1,1,0,0,0,0,0,0.0,0.05,0.05,0.0,0.05
ENG-Premier League,2526,West Ham United,Andy Irving,SCO,MF,25-338,2000,7,2,158,1.8,0,0,0,0,0,0,0,0,0.0,0.0,0.0,0.0,0.0
ENG-Premier League,2526,West Ham United,Axel Disasi,FRA,DF,28-036,1998,8,8,720,8.0,0,0,0,0,0,0,0,0,0.0,0.0,0.0,0.0,0.0
ENG-Premier League,2526,West Ham United,Callum Marshall,NIR,FW,21-139,2004,2,0,60,0.7,0,0,0,0,0,0,0,0,0.0,0.0,0.0,0.0,0.0
ENG-Premier League,2526,West Ham United,Callum Wilson,ENG,"FW,MF",34-048,1992,26,10,1058,11.8,5,1,6,5,0,0,0,0,0.43,0.09,0.51,0.43,0.51
ENG-Premier League,2526,West Ham United,Crysencio Summerville,NED,"MF,FW",24-168,2001,25,23,1933,21.5,5,1,6,5,0,0,4,0,0.23,0.05,0.28,0.23,0.28
ENG-Premier League,2526,West Ham United,El Hadji Malick Diouf,SEN,"DF,MF",21-109,2004,26,24,2184,24.3,0,5,5,0,0,0,4,0,0.0,0.21,0.21,0.0,0.21
ENG-Premier League,2526,West Ham United,Ezra Mayers,BRB,DF,19-090,2007,6,0,117,1.3,0,0,0,0,0,0,0,0,0.0,0.0,0.0,0.0,0.0
ENG-Premier League,2526,West Ham United,Freddie Potts,ENG,MF,22-216,2003,21,12,1159,12.9,0,1,1,0,0,0,1,0,0.0,0.08,0.08,0.0,0.08
ENG-Premier League,2526,West Ham United,George Earthy,ENG,MF,21-223,2004,1,0,9,0.1,0,0,0,0,0,0,0,0,0.0,0.0,0.0,0.0,0.0
ENG-Premier League,2526,West Ham United,Guido Rodríguez,ARG,MF,32-004,1994,6,2,180,2.0,0,0,0,0,0,0,1,0,0.0,0.0,0.0,0.0,0.0
ENG-Premier League,2526,West Ham United,Igor,BRA,DF,28-068,1998,4,1,105,1.2,0,0,0,0,0,0,0,0,0.0,0.0,0.0,0.0,0.0
ENG-Premier League,2526,West Ham United,James Ward-Prowse,ENG,MF,31-166,1994,5,5,413,4.6,0,0,0,0,0,0,0,0,0.0,0.0,0.0,0.0,0.0
ENG-Premier League,2526,West Ham United,Jarrod Bowen,ENG,"MF,FW",29-117,1996,32,32,2867,31.9,8,8,16,7,1,1,4,0,0.25,0.25,0.5,0.22,0.47
ENG-Premier League,2526,West Ham United,Jean-Clair Todibo,FRA,DF,26-107,1999,20,20,1698,18.9,0,1,1,0,0,0,4,1,0.0,0.05,0.05,0.0,0.05
ENG-Premier League,2526,West Ham United,Konstantinos Mavropanos,GRE,DF,28-126,1997,25,21,1994,22.2,3,0,3,3,0,0,2,0,0.14,0.0,0.14,0.14,0.14
ENG-Premier League,2526,West Ham United,Kyle Walker-Peters,ENG,DF,29-003,1997,19,11,1049,11.7,1,0,1,1,0,0,2,0,0.09,0.0,0.09,0.09,0.09
ENG-Premier League,2526,West Ham United,Lucas Paquetá,BRA,"MF,FW",28-232,1997,18,18,1511,16.8,4,1,5,2,2,2,7,1,0.24,0.06,0.3,0.12,0.18
ENG-Premier League,2526,West Ham United,Luis Guilherme,BRA,FW,20-066,2006,5,1,125,1.4,0,0,0,0,0,0,0,0,0.0,0.0,0.0,0.0,0.0
ENG-Premier League,2526,West Ham United,Mads Hermansen,DEN,GK,25-279,2000,12,12,1080,12.0,0,0,0,0,0,0,0,0,0.0,0.0,0.0,0.0,0.0
ENG-Premier League,2526,West Ham United,Mateus Fernandes,POR,MF,21-280,2004,30,29,2476,27.5,3,3,6,3,0,0,7,0,0.11,0.11,0.22,0.11,0.22
ENG-Premier League,2526,West Ham United,Max Kilman,ENG,DF,28-328,1997,21,17,1561,17.3,0,0,0,0,0,0,4,0,0.0,0.0,0.0,0.0,0.0
ENG-Premier League,2526,West Ham United,Mohamadou Kanté,FRA,MF,20-208,2005,8,0,37,0.4,0,0,0,0,0,0,1,0,0.0,0.0,0.0,0.0,0.0
ENG-Premier League,2526,West Ham United,Nayef Aguerd,MAR,DF,30-017,1996,2,2,180,2.0,0,0,0,0,0,0,0,0,0.0,0.0,0.0,0.0,0.0
ENG-Premier League,2526,West Ham United,Niclas Füllkrug,GER,FW,33-066,1993,8,5,409,4.5,0,0,0,0,0,0,0,0,0.0,0.0,0.0,0.0,0.0
ENG-Premier League,2526,West Ham United,Oliver Scarles,ENG,"DF,MF",20-125,2005,12,9,656,7.3,0,0,0,0,0,0,1,0,0.0,0.0,0.0,0.0,0.0
ENG-Premier League,2526,West Ham United,Pablo,BRA,"MF,FW",22-104,2004,8,6,482,5.4,0,1,1,0,0,0,0,0,0.0,0.19,0.19,0.0,0.19
ENG-Premier League,2526,West Ham United,Soungoutou Magassa,FRA,MF,22-190,2003,21,11,978,10.9,1,0,1,1,0,0,4,0,0.09,0.0,0.09,0.09,0.09
ENG-Premier League,2526,West Ham United,Tomáš Souček,CZE,MF,31-048,1995,29,18,1688,18.8,4,0,4,4,0,0,2,1,0.21,0.0,0.21,0.21,0.21
ENG-Premier League,2526,West Ham United,Valentín Castellanos,ARG,FW,27-195,1998,12,12,941,10.5,4,0,4,4,0,0,3,0,0.38,0.0,0.38,0.38,0.38
ENG-Premier League,2526,Wolves,Adam Armstrong,ENG,"FW,MF",29-065,1997,8,8,636,7.1,1,2,3,1,0,0,3,0,0.14,0.28,0.42,0.14,0.42
ENG-Premier League,2526,Wolves,André,BRA,MF,24-274,2001,29,24,2222,24.7,1,0,1,1,0,0,9,0,0.04,0.0,0.04,0.04,0.04
ENG-Premier League,2526,Wolves,Angel Gomes,ENG,"MF,FW",25-228,2000,8,5,344,3.8,0,0,0,0,0,0,1,0,0.0,0.0,0.0,0.0,0.0
ENG-Premier League,2526,Wolves,David Møller Wolfe,NOR,"MF,DF",23-358,2002,18,9,846,9.4,0,2,2,0,0,0,1,0,0.0,0.21,0.21,0.0,0.21
ENG-Premier League,2526,Wolves,Emmanuel Agbadou,CIV,DF,28-303,1997,14,12,1101,12.2,0,0,0,0,0,0,1,1,0.0,0.0,0.0,0.0,0.0
ENG-Premier League,2526,Wolves,Fer López,ESP,MF,21-327,2004,9,2,235,2.6,0,1,1,0,0,0,1,0,0.0,0.38,0.38,0.0,0.38
ENG-Premier League,2526,Wolves,Hugo Bueno,ESP,"MF,DF",23-210,2002,29,22,2042,22.7,1,1,2,1,0,0,1,0,0.04,0.04,0.09,0.04,0.09
ENG-Premier League,2526,Wolves,Hwang Hee-chan,KOR,"FW,MF",30-080,1996,21,15,1169,13.0,2,1,3,1,1,1,3,0,0.15,0.08,0.23,0.08,0.15
ENG-Premier League,2526,Wolves,Jackson Tchatchoua,CMR,"MF,DF",24-214,2001,29,18,1795,19.9,0,1,1,0,0,0,3,0,0.0,0.05,0.05,0.0,0.05
ENG-Premier League,2526,Wolves,Jean-Ricner Bellegarde,HAI,"MF,FW",27-293,1998,23,14,1146,12.7,1,1,2,1,0,0,5,0,0.08,0.08,0.16,0.08,0.16
ENG-Premier League,2526,Wolves,Jhon Arias,COL,"FW,MF",28-207,1997,23,14,1124,12.5,1,0,1,1,0,0,1,0,0.08,0.0,0.08,0.08,0.08
ENG-Premier League,2526,Wolves,José Sá,POR,GK,33-089,1993,20,20,1800,20.0,0,0,0,0,0,0,2,0,0.0,0.0,0.0,0.0,0.0
ENG-Premier League,2526,Wolves,João Gomes,BRA,MF,25-063,2001,30,27,2381,26.5,1,1,2,1,0,0,9,0,0.04,0.04,0.08,0.04,0.08
ENG-Premier League,2526,Wolves,Jørgen Strand Larsen,NOR,FW,26-069,2000,22,14,1404,15.6,1,1,2,0,1,2,2,0,0.06,0.06,0.13,0.0,0.06
ENG-Premier League,2526,Wolves,Ki-Jana Hoever,NED,"MF,DF",24-088,2002,8,6,425,4.7,0,0,0,0,0,0,0,0,0.0,0.0,0.0,0.0,0.0
ENG-Premier League,2526,Wolves,Ladislav Krejčí,CZE,"DF,MF",26-361,1999,25,24,2127,23.6,2,1,3,2,0,0,5,1,0.08,0.04,0.13,0.08,0.13
ENG-Premier League,2526,Wolves,Marshall Munetsi,ZIM,"MF,FW",29-298,1996,13,9,875,9.7,1,1,2,1,0,0,2,0,0.1,0.1,0.21,0.1,0.21
ENG-Premier League,2526,Wolves,Mateus Mane,POR,MF,18-212,2007,21,14,1316,14.6,2,1,3,2,0,0,0,0,0.14,0.07,0.21,0.14,0.21
ENG-Premier League,2526,Wolves,Matt Doherty,IRL,"DF,MF",34-090,1992,10,10,702,7.8,0,0,0,0,0,0,4,0,0.0,0.0,0.0,0.0,0.0
ENG-Premier League,2526,Wolves,Pedro Lima,BRA,DF,19-289,2006,3,0,4,0.0,0,0,0,0,0,0,0,0,0.0,0.0,0.0,0.0,0.0
ENG-Premier League,2526,Wolves,Rodrigo Gomes,POR,"MF,FW",22-283,2003,16,6,632,7.0,3,0,3,3,0,0,0,0,0.43,0.0,0.43,0.43,0.43
ENG-Premier League,2526,Wolves,Sam Johnstone,ENG,GK,33-022,1993,12,12,1080,12.0,0,0,0,0,0,0,0,0,0.0,0.0,0.0,0.0,0.0
ENG-Premier League,2526,Wolves,Santiago Bueno,URU,DF,27-158,1998,23,22,2013,22.4,2,1,3,2,0,0,4,0,0.09,0.04,0.13,0.09,0.13
ENG-Premier League,2526,Wolves,Sasa Kalajdzic,AUT,"FW,MF",28-283,1997,1,0,15,0.2,0,0,0,0,0,0,0,0,0.0,0.0,0.0,0.0,0.0
ENG-Premier League,2526,Wolves,Tawanda Chirewa,ZIM,MF,22-186,2003,2,0,27,0.3,0,0,0,0,0,0,0,0,0.0,0.0,0.0,0.0,0.0
ENG-Premier League,2526,Wolves,Tolu Arokodare,NGA,FW,25-144,2000,28,12,1264,14.0,3,1,4,3,0,1,1,0,0.21,0.07,0.28,0.21,0.28
ENG-Premier League,2526,Wolves,Tom Edozie,ENG,MF,19-333,2006,2,0,13,0.1,1,0,1,1,0,0,0,0,6.92,0.0,6.92,6.92,6.92
ENG-Premier League,2526,Wolves,Toti Gomes,POR,DF,27-090,1999,14,13,1039,11.5,0,0,0,0,0,0,2,1,0.0,0.0,0.0,0.0,0.0
ENG-Premier League,2526,Wolves,Yerson Mosquera,COL,DF,24-349,2001,23,20,1776,19.7,0,0,0,0,0,0,11,0,0.0,0.0,0.0,0.0,0.0
